-- phpMyAdmin SQL Dump
-- version 5.2.0
-- https://www.phpmyadmin.net/
--
-- Hôte : localhost
-- Généré le : dim. 14 mai 2023 à 17:40
-- Version du serveur : 10.4.21-MariaDB
-- Version de PHP : 7.4.29

SET SQL_MODE = "NO_AUTO_VALUE_ON_ZERO";
START TRANSACTION;
SET time_zone = "+00:00";


/*!40101 SET @OLD_CHARACTER_SET_CLIENT=@@CHARACTER_SET_CLIENT */;
/*!40101 SET @OLD_CHARACTER_SET_RESULTS=@@CHARACTER_SET_RESULTS */;
/*!40101 SET @OLD_COLLATION_CONNECTION=@@COLLATION_CONNECTION */;
/*!40101 SET NAMES utf8mb4 */;

--
-- Base de données : `film`
--

-- --------------------------------------------------------

--
-- Structure de la table `acteurs`
--

CREATE TABLE `acteurs` (
  `cast_actor_id` int(11) NOT NULL,
  `nom` varchar(255) DEFAULT NULL,
  `personnage` varchar(255) DEFAULT NULL
) ENGINE=InnoDB DEFAULT CHARSET=utf8mb4;

--
-- Déchargement des données de la table `acteurs`
--

INSERT INTO `acteurs` (`cast_actor_id`, `nom`, `personnage`) VALUES
(1, 'Georges Méliès', NULL),
(2, ' Victor André', NULL),
(3, ' Bleuette Bernon', NULL),
(4, 'Gilbert M. \'Broncho Billy\' Anderson', NULL),
(5, ' A.C. Abadie', NULL),
(6, ' George Barnes', NULL),
(7, 'Lillian Gish', NULL),
(8, ' Mae Marsh', NULL),
(9, ' Henry B. Walthall', NULL),
(10, 'Musidora', NULL),
(11, ' Édouard Mathé', NULL),
(12, ' Marcel Lévesque', NULL),
(13, 'Lillian Gish', NULL),
(14, ' Robert Harron', NULL),
(15, ' Mae Marsh', NULL),
(16, 'Werner Krauss', NULL),
(17, ' Conrad Veidt', NULL),
(18, ' Friedrich Feher', NULL),
(19, 'Lillian Gish', NULL),
(20, ' Richard Barthelmess', NULL),
(21, ' Donald Crisp', NULL),
(22, 'Evelyn Preer', NULL),
(23, ' Flo Clements', NULL),
(24, ' James D. Ruffin', NULL),
(25, 'Lillian Gish', NULL),
(26, ' Dorothy Gish', NULL),
(27, ' Joseph Schildkraut', NULL),
(28, 'Victor Sjöström', NULL),
(29, ' Hilda Borgström', NULL),
(30, ' Tore Svennberg', NULL),
(31, 'Germaine Dermoz', NULL),
(32, ' Madeleine Guitty', NULL),
(33, ' Jean d\'Yd', NULL),
(34, 'Rudolf Klein-Rogge', NULL),
(35, ' Aud Egede-Nissen', NULL),
(36, ' Gertrude Welcker', NULL),
(37, 'Allakariallak', NULL),
(38, ' Alice Nevalinga', NULL),
(39, ' Cunayou', NULL),
(40, 'Max Schreck', NULL),
(41, ' Alexander Granach', NULL),
(42, ' Gustav von Wangenheim', NULL),
(43, 'Benjamin Christensen', NULL),
(44, ' Elisabeth Christensen', NULL),
(45, ' Maren Pedersen', NULL),
(46, 'Rudolph Christians', NULL),
(47, ' Miss DuPont', NULL),
(48, ' Maude George', NULL),
(49, 'Buster Keaton', NULL),
(50, ' Natalie Talmadge', NULL),
(51, ' Joe Keaton', NULL),
(52, 'Gabriel de Gravone', NULL),
(53, ' Pierre Magnier', NULL),
(54, ' Georges Térof', NULL),
(55, 'Emil Jannings', NULL),
(56, ' Maly Delschaft', NULL),
(57, ' Max Hiller', NULL),
(58, 'Grigoriy Aleksandrov', NULL),
(59, ' Maksim Shtraukh', NULL),
(60, ' Mikhail Gomorov', NULL),
(61, 'Buster Keaton', NULL),
(62, ' Kathryn McGuire', NULL),
(63, ' Joe Keaton', NULL),
(64, 'Robert Falcon Scott', NULL),
(65, ' Herbert G. Ponting', NULL),
(66, ' Henry R. Bowers', NULL),
(67, 'Gibson Gowland', NULL),
(68, ' Zasu Pitts', NULL),
(69, ' Jean Hersholt', NULL),
(70, 'Douglas Fairbanks', NULL),
(71, ' Julanne Johnston', NULL),
(72, ' Snitz Edwards', NULL),
(73, 'Rudolph Valentino', NULL),
(74, ' Vilma Bánky', NULL),
(75, ' Louise Dresser', NULL),
(76, 'Lon Chaney', NULL),
(77, ' Mary Philbin', NULL),
(78, ' Norman Kerry', NULL),
(79, 'Aleksandr Antonov', NULL),
(80, ' Vladimir Barskiy', NULL),
(81, ' Grigoriy Aleksandrov', NULL),
(82, 'Charles Chaplin', NULL),
(83, ' Mack Swain', NULL),
(84, ' Tom Murray', NULL),
(85, 'John Gilbert', NULL),
(86, ' Renée Adorée', NULL),
(87, ' Hobart Bosworth', NULL),
(88, 'N/A', NULL),
(89, 'Brigitte Helm', NULL),
(90, ' Alfred Abel', NULL),
(91, ' Gustav Fröhlich', NULL),
(92, 'George O\'Brien', NULL),
(93, ' Janet Gaynor', NULL),
(94, ' Margaret Livingston', NULL),
(95, 'Buster Keaton', NULL),
(96, ' Marion Mack', NULL),
(97, ' Glen Cavender', NULL),
(98, 'Lon Chaney', NULL),
(99, ' Norman Kerry', NULL),
(100, ' Joan Crawford', NULL),
(101, 'Boris Livanov', NULL),
(102, ' Nikolay Popov', NULL),
(103, ' Vasili Nikandrov', NULL),
(104, 'Al Jolson', NULL),
(105, ' May McAvoy', NULL),
(106, ' Warner Oland', NULL),
(107, 'Albert Dieudonné', NULL),
(108, ' Vladimir Roudenko', NULL),
(109, ' Edmond Van Daële', NULL),
(110, 'Harold Lloyd', NULL),
(111, ' Jobyna Ralston', NULL),
(112, ' Walter James', NULL),
(113, 'Eleanor Boardman', NULL),
(114, ' James Murray', NULL),
(115, ' Bert Roach', NULL),
(116, 'George Bancroft', NULL),
(117, ' Betty Compson', NULL),
(118, ' Olga Baclanova', NULL),
(119, 'Maria Falconetti', NULL),
(120, ' Eugene Silvain', NULL),
(121, ' André Berley', NULL),
(122, 'Pierre Batcheff', NULL),
(123, ' Simone Mareuil', NULL),
(124, ' Luis Buñuel', NULL),
(125, 'Buster Keaton', NULL),
(126, ' Tom McGuire', NULL),
(127, ' Ernest Torrence', NULL),
(128, 'I. Inkizhinov', NULL),
(129, ' I. Dedintsev', NULL),
(130, ' Valéry Inkijinoff', NULL),
(131, 'Seeta Devi', NULL),
(132, ' Himanshu Rai', NULL),
(133, ' Charu Roy', NULL),
(134, 'Mikhail Kaufman', NULL),
(135, ' Elizaveta Svilova', NULL),
(136, 'Louise Brooks', NULL),
(137, ' Fritz Kortner', NULL),
(138, ' Francis Lederer', NULL),
(139, 'Anny Ondra', NULL),
(140, ' John Longden', NULL),
(141, ' Sara Allgood', NULL),
(142, 'Edward G. Robinson', NULL),
(143, ' Douglas Fairbanks Jr.', NULL),
(144, ' Glenda Farrell', NULL),
(145, 'Emil Jannings', NULL),
(146, ' Marlene Dietrich', NULL),
(147, ' Kurt Gerron', NULL),
(148, 'Lew Ayres', NULL),
(149, ' Louis Wolheim', NULL),
(150, ' John Wray', NULL),
(151, 'Gaston Modot', NULL),
(152, ' Lya Lys', NULL),
(153, ' Caridad de Laberdesque', NULL),
(154, 'Stepan Shkurat', NULL),
(155, ' Semyon Svashenko', NULL),
(156, ' Yuliya Solntseva', NULL),
(157, 'Raymond Cordy', NULL),
(158, ' Henri Marchand', NULL),
(159, ' Rolla France', NULL),
(160, 'Olga Breno', NULL),
(161, ' Tatiana Rey', NULL),
(162, ' Raul Schnoor', NULL),
(163, 'Anne Chevalier', NULL),
(164, ' Matahi', NULL),
(165, ' Hitu', NULL),
(166, 'Charles Chaplin', NULL),
(167, ' Virginia Cherrill', NULL),
(168, ' Florence Lee', NULL),
(169, 'Bela Lugosi', NULL),
(170, ' Helen Chandler', NULL),
(171, ' David Manners', NULL),
(172, 'Colin Clive', NULL),
(173, ' Mae Clarke', NULL),
(174, ' Boris Karloff', NULL),
(175, 'James Cagney', NULL),
(176, ' Jean Harlow', NULL),
(177, ' Edward Woods', NULL),
(178, 'Peter Lorre', NULL),
(179, ' Ellen Widmann', NULL),
(180, ' Inge Landgut', NULL),
(181, 'Julian West', NULL),
(182, ' Maurice Schutz', NULL),
(183, ' Rena Mandel', NULL),
(184, 'Paul Muni', NULL),
(185, ' Glenda Farrell', NULL),
(186, ' Helen Vinson', NULL),
(187, 'Michel Simon', NULL),
(188, ' Marcelle Hainia', NULL),
(189, ' Sévérine Lerczinska', NULL),
(190, 'Maurice Chevalier', NULL),
(191, ' Jeanette MacDonald', NULL),
(192, ' Charles Ruggles', NULL),
(193, 'Marlene Dietrich', NULL),
(194, ' Clive Brook', NULL),
(195, ' Anna May Wong', NULL),
(196, 'Miriam Hopkins', NULL),
(197, ' Kay Francis', NULL),
(198, ' Herbert Marshall', NULL),
(199, 'Paul Muni', NULL),
(200, ' Ann Dvorak', NULL),
(201, ' Karen Morley', NULL),
(202, 'Wallace Ford', NULL),
(203, ' Leila Hyams', NULL),
(204, ' Olga Baclanova', NULL),
(205, 'Warner Baxter', NULL),
(206, ' Bebe Daniels', NULL),
(207, ' George Brent', NULL),
(208, 'James Cagney', NULL),
(209, ' Joan Blondell', NULL),
(210, ' Ruby Keeler', NULL),
(211, 'Barbara Stanwyck', NULL),
(212, ' Nils Asther', NULL),
(213, ' Toshia Mori', NULL),
(214, 'Mae West', NULL),
(215, ' Cary Grant', NULL),
(216, ' Owen Moore', NULL),
(217, 'Groucho Marx', NULL),
(218, ' Harpo Marx', NULL),
(219, ' Chico Marx', NULL),
(220, 'Jean Dasté', NULL),
(221, ' Robert le Flon', NULL),
(222, ' Louis Lefebvre', NULL),
(223, 'Warren William', NULL),
(224, ' Joan Blondell', NULL),
(225, ' Aline MacMahon', NULL),
(226, 'Fay Wray', NULL),
(227, ' Robert Armstrong', NULL),
(228, ' Bruce Cabot', NULL),
(229, 'Abel Jacquin', NULL),
(230, ' Alexandre O\'Neill', NULL),
(231, 'Stan Laurel', NULL),
(232, ' Oliver Hardy', NULL),
(233, ' Charley Chase', NULL),
(234, 'Greta Garbo', NULL),
(235, ' John Gilbert', NULL),
(236, ' Ian Keith', NULL),
(237, 'Adolf Hitler', NULL),
(238, ' Hermann Göring', NULL),
(239, ' Max Amann', NULL),
(240, 'W.C. Fields', NULL),
(241, ' Kathleen Howard', NULL),
(242, ' Jean Rouverol', NULL),
(243, 'Lingyu Ruan', NULL),
(244, ' Tian Jian', NULL),
(245, ' Zhizhi Zhang', NULL),
(246, 'Clark Gable', NULL),
(247, ' Claudette Colbert', NULL),
(248, ' Walter Connolly', NULL),
(249, 'Dita Parlo', NULL),
(250, ' Jean Dasté', NULL),
(251, ' Gilles Margaritis', NULL),
(252, 'Boris Karloff', NULL),
(253, ' Bela Lugosi', NULL),
(254, ' David Manners', NULL),
(255, 'William Powell', NULL),
(256, ' Myrna Loy', NULL),
(257, ' Maureen O\'Sullivan', NULL),
(258, 'Charles Laughton', NULL),
(259, ' Clark Gable', NULL),
(260, ' Franchot Tone', NULL),
(261, 'Robert Donat', NULL),
(262, ' Madeleine Carroll', NULL),
(263, ' Lucie Mannheim', NULL),
(264, 'Groucho Marx', NULL),
(265, ' Chico Marx', NULL),
(266, ' Harpo Marx', NULL),
(267, 'Boris Karloff', NULL),
(268, ' Elsa Lanchester', NULL),
(269, ' Colin Clive', NULL),
(270, 'Errol Flynn', NULL),
(271, ' Olivia de Havilland', NULL),
(272, ' Lionel Atwill', NULL),
(273, 'Fred Astaire', NULL),
(274, ' Ginger Rogers', NULL),
(275, ' Edward Everett Horton', NULL),
(276, 'Gary Cooper', NULL),
(277, ' Ann Harding', NULL),
(278, ' John Halliday', NULL),
(279, 'Charles Chaplin', NULL),
(280, ' Paulette Goddard', NULL),
(281, ' Henry Bergman', NULL),
(282, 'Fred Astaire', NULL),
(283, ' Ginger Rogers', NULL),
(284, ' Victor Moore', NULL),
(285, 'Gary Cooper', NULL),
(286, ' Jean Arthur', NULL),
(287, ' George Bancroft', NULL),
(288, 'William Powell', NULL),
(289, ' Carole Lombard', NULL),
(290, ' Alice Brady', NULL),
(291, 'Sacha Guitry', NULL),
(292, ' Adolphe Borchard', NULL),
(293, ' Marcel Lucien', NULL),
(294, 'Greta Garbo', NULL),
(295, ' Robert Taylor', NULL),
(296, ' Lionel Barrymore', NULL),
(297, 'Raymond Massey', NULL),
(298, ' Edward Chapman', NULL),
(299, ' Ralph Richardson', NULL),
(300, 'Walter Huston', NULL),
(301, ' Ruth Chatterton', NULL),
(302, ' Paul Lukas', NULL),
(303, 'Sylvia Bataille', NULL),
(304, ' Jane Marken', NULL),
(305, ' Georges D\'Arnoux', NULL),
(306, 'Jean Gabin', NULL),
(307, ' Gabriel Gabrio', NULL),
(308, ' Saturnin Fabre', NULL),
(309, 'Victor Moore', NULL),
(310, ' Beulah Bondi', NULL),
(311, ' Fay Bainter', NULL),
(312, 'Jean Gabin', NULL),
(313, ' Dita Parlo', NULL),
(314, ' Pierre Fresnay', NULL),
(315, 'Barbara Stanwyck', NULL),
(316, ' John Boles', NULL),
(317, ' Anne Shirley', NULL),
(318, 'Menghe Gu', NULL),
(319, ' Ping Hu', NULL),
(320, ' Shan Jin', NULL),
(321, 'Adriana Caselotti', NULL),
(322, ' Harry Stockwell', NULL),
(323, ' Lucille La Verne', NULL),
(324, 'Spencer Tracy', NULL),
(325, ' Freddie Bartholomew', NULL),
(326, ' Lionel Barrymore', NULL),
(327, 'Irene Dunne', NULL),
(328, ' Cary Grant', NULL),
(329, ' Ralph Bellamy', NULL),
(330, 'Paul Muni', NULL),
(331, ' Gale Sondergaard', NULL),
(332, ' Joseph Schildkraut', NULL),
(333, 'Bette Davis', NULL),
(334, ' Henry Fonda', NULL),
(335, ' George Brent', NULL),
(336, 'Errol Flynn', NULL),
(337, ' Olivia de Havilland', NULL),
(338, ' Basil Rathbone', NULL),
(339, 'James Cagney', NULL),
(340, ' Pat O\'Brien', NULL),
(341, ' Humphrey Bogart', NULL),
(342, 'Raimu', NULL),
(343, ' Ginette Leclerc', NULL),
(344, ' Fernand Charpin', NULL),
(345, 'Katharine Hepburn', NULL),
(346, ' Cary Grant', NULL),
(347, ' Charles Ruggles', NULL),
(348, 'David Albritton', NULL),
(349, ' Arvo Askola', NULL),
(350, ' Jack Beresford', NULL),
(351, 'Margaret Lockwood', NULL),
(352, ' Michael Redgrave', NULL),
(353, ' Paul Lukas', NULL),
(354, 'Merle Oberon', NULL),
(355, ' Laurence Olivier', NULL),
(356, ' David Niven', NULL),
(357, 'James Stewart', NULL),
(358, ' Jean Arthur', NULL),
(359, ' Claude Rains', NULL),
(360, 'John Wayne', NULL),
(361, ' Claire Trevor', NULL),
(362, ' Andy Devine', NULL),
(363, 'Cary Grant', NULL),
(364, ' Jean Arthur', NULL),
(365, ' Rita Hayworth', NULL),
(366, 'Marlene Dietrich', NULL),
(367, ' James Stewart', NULL),
(368, ' Mischa Auer', NULL),
(369, 'Clark Gable', NULL),
(370, ' Vivien Leigh', NULL),
(371, ' Thomas Mitchell', NULL),
(372, 'Jean Gabin', NULL),
(373, ' Jacqueline Laurent', NULL),
(374, ' Arletty', NULL),
(375, 'Cary Grant', NULL),
(376, ' Joan Fontaine', NULL),
(377, ' Victor McLaglen', NULL),
(378, 'Greta Garbo', NULL),
(379, ' Melvyn Douglas', NULL),
(380, ' Ina Claire', NULL),
(381, 'Judy Garland', NULL),
(382, ' Frank Morgan', NULL),
(383, ' Ray Bolger', NULL),
(384, 'Marcel Dalio', NULL),
(385, ' Nora Gregor', NULL),
(386, ' Paulette Dubost', NULL),
(387, 'Shôtarô Hanayagi', NULL),
(388, ' Kôkichi Takada', NULL),
(389, ' Ryôtarô Kawanami', NULL),
(390, 'Cary Grant', NULL),
(391, ' Rosalind Russell', NULL),
(392, ' Ralph Bellamy', NULL),
(393, 'Leopold Stokowski', NULL),
(394, ' Deems Taylor', NULL),
(395, ' The Philadelphia Orchestra', NULL),
(396, 'Laurence Olivier', NULL),
(397, ' Joan Fontaine', NULL),
(398, ' George Sanders', NULL),
(399, 'Cary Grant', NULL),
(400, ' Katharine Hepburn', NULL),
(401, ' James Stewart', NULL),
(402, 'Henry Fonda', NULL),
(403, ' Jane Darwell', NULL),
(404, ' John Carradine', NULL),
(405, 'Margaret Sullavan', NULL),
(406, ' James Stewart', NULL),
(407, ' Robert Young', NULL),
(408, 'W.C. Fields', NULL),
(409, ' Cora Witherspoon', NULL),
(410, ' Una Merkel', NULL),
(411, 'Dickie Jones', NULL),
(412, ' Christian Rub', NULL),
(413, ' Mel Blanc', NULL),
(414, 'Orson Welles', NULL),
(415, ' Joseph Cotten', NULL),
(416, ' Dorothy Comingore', NULL),
(417, 'Gary Cooper', NULL),
(418, ' Walter Brennan', NULL),
(419, ' Joan Leslie', NULL),
(420, 'Barbara Stanwyck', NULL),
(421, ' Henry Fonda', NULL),
(422, ' Charles Coburn', NULL),
(423, 'Claude Rains', NULL),
(424, ' Warren William', NULL),
(425, ' Lon Chaney Jr.', NULL),
(426, 'Ida Lupino', NULL),
(427, ' Humphrey Bogart', NULL),
(428, ' Alan Curtis', NULL),
(429, 'Walter Pidgeon', NULL),
(430, ' Maureen O\'Hara', NULL),
(431, ' Anna Lee', NULL),
(432, 'Joel McCrea', NULL),
(433, ' Veronica Lake', NULL),
(434, ' Robert Warwick', NULL),
(435, 'Humphrey Bogart', NULL),
(436, ' Mary Astor', NULL),
(437, ' Gladys George', NULL),
(438, 'Sterling Holloway', NULL),
(439, ' Edward Brophy', NULL),
(440, ' Herman Bing', NULL),
(441, 'Claudette Colbert', NULL),
(442, ' Joel McCrea', NULL),
(443, ' Mary Astor', NULL),
(444, 'Bette Davis', NULL),
(445, ' Paul Henreid', NULL),
(446, ' Claude Rains', NULL),
(447, 'Carole Lombard', NULL),
(448, ' Jack Benny', NULL),
(449, ' Robert Stack', NULL),
(450, 'Tim Holt', NULL),
(451, ' Joseph Cotten', NULL),
(452, ' Dolores Costello', NULL),
(453, 'James Cagney', NULL),
(454, ' Joan Leslie', NULL),
(455, ' Walter Huston', NULL),
(456, 'Greer Garson', NULL),
(457, ' Walter Pidgeon', NULL),
(458, ' Teresa Wright', NULL),
(459, 'Humphrey Bogart', NULL),
(460, ' Ingrid Bergman', NULL),
(461, ' Paul Henreid', NULL),
(462, 'Simone Simon', NULL),
(463, ' Tom Conway', NULL),
(464, ' Kent Smith', NULL),
(465, 'Philip Dickson', NULL),
(466, ' George Gravett', NULL),
(467, ' Fred Griffiths', NULL),
(468, 'Henry Fonda', NULL),
(469, ' Dana Andrews', NULL),
(470, ' Mary Beth Hughes', NULL),
(471, 'Roger Livesey', NULL),
(472, ' Deborah Kerr', NULL),
(473, ' Anton Walbrook', NULL),
(474, 'Maya Deren', NULL),
(475, ' Alexander Hammid', NULL),
(476, 'Kim Hunter', NULL),
(477, ' Tom Conway', NULL),
(478, ' Jean Brooks', NULL),
(479, 'Margaret Lockwood', NULL),
(480, ' James Mason', NULL),
(481, ' Phyllis Calvert', NULL),
(482, 'Teresa Wright', NULL),
(483, ' Joseph Cotten', NULL),
(484, ' Macdonald Carey', NULL),
(485, 'Clara Calamai', NULL),
(486, ' Massimo Girotti', NULL),
(487, ' Dhia Cristiani', NULL),
(488, 'Gene Tierney', NULL),
(489, ' Dana Andrews', NULL),
(490, ' Clifton Webb', NULL),
(491, 'Judy Garland', NULL),
(492, ' Margaret O\'Brien', NULL),
(493, ' Mary Astor', NULL),
(494, 'Humphrey Bogart', NULL),
(495, ' Lauren Bacall', NULL),
(496, ' Walter Brennan', NULL),
(497, 'Charles Boyer', NULL),
(498, ' Ingrid Bergman', NULL),
(499, ' Joseph Cotten', NULL),
(500, 'Laurence Olivier', NULL),
(501, ' Robert Newton', NULL),
(502, ' Leslie Banks', NULL),
(503, 'Fred MacMurray', NULL),
(504, ' Barbara Stanwyck', NULL),
(505, ' Edward G. Robinson', NULL),
(506, 'Dick Powell', NULL),
(507, ' Claire Trevor', NULL),
(508, ' Anne Shirley', NULL),
(509, 'Nikolay Cherkasov', NULL),
(510, ' Lyudmila Tselikovskaya', NULL),
(511, ' Serafima Birman', NULL),
(512, 'Joan Crawford', NULL),
(513, ' Jack Carson', NULL),
(514, ' Zachary Scott', NULL),
(515, 'Tom Neal', NULL),
(516, ' Ann Savage', NULL),
(517, ' Claudia Drake', NULL),
(518, 'Wendy Hiller', NULL),
(519, ' Roger Livesey', NULL),
(520, ' Pamela Brown', NULL),
(521, 'Ray Milland', NULL),
(522, ' Jane Wyman', NULL),
(523, ' Phillip Terry', NULL),
(524, 'Arletty', NULL),
(525, ' Jean-Louis Barrault', NULL),
(526, ' Pierre Brasseur', NULL),
(527, 'Mark W. Clark', NULL),
(528, ' John Huston', NULL),
(529, 'Celia Johnson', NULL),
(530, ' Trevor Howard', NULL),
(531, ' Stanley Holloway', NULL),
(532, 'Anna Magnani', NULL),
(533, ' Aldo Fabrizi', NULL),
(534, ' Marcello Pagliero', NULL),
(535, 'Myrna Loy', NULL),
(536, ' Dana Andrews', NULL),
(537, ' Fredric March', NULL),
(538, 'Carmela Sazio', NULL),
(539, ' Gar Moore', NULL),
(540, ' William Tubbs', NULL),
(541, 'Lana Turner', NULL),
(542, ' John Garfield', NULL),
(543, ' Cecil Kellaway', NULL),
(544, 'Jean Marais', NULL),
(545, ' Josette Day', NULL),
(546, ' Mila Parély', NULL),
(547, 'Burt Lancaster', NULL),
(548, ' Ava Gardner', NULL),
(549, ' Edmond O\'Brien', NULL),
(550, 'James Stewart', NULL),
(551, ' Donna Reed', NULL),
(552, ' Lionel Barrymore', NULL),
(553, 'Humphrey Bogart', NULL),
(554, ' Lauren Bacall', NULL),
(555, ' John Ridgely', NULL),
(556, 'Rita Hayworth', NULL),
(557, ' Glenn Ford', NULL),
(558, ' George Macready', NULL),
(559, 'David Niven', NULL),
(560, ' Kim Hunter', NULL),
(561, ' Robert Coote', NULL),
(562, 'John Mills', NULL),
(563, ' Valerie Hobson', NULL),
(564, ' Tony Wager', NULL),
(565, 'Henry Fonda', NULL),
(566, ' Linda Darnell', NULL),
(567, ' Victor Mature', NULL),
(568, 'Cary Grant', NULL),
(569, ' Ingrid Bergman', NULL),
(570, ' Claude Rains', NULL),
(571, 'Deborah Kerr', NULL),
(572, ' David Farrar', NULL),
(573, ' Flora Robson', NULL),
(574, 'Robert Mitchum', NULL),
(575, ' Jane Greer', NULL),
(576, ' Kirk Douglas', NULL),
(577, 'Charles Chaplin', NULL),
(578, ' Mady Correll', NULL),
(579, ' Allison Roddan', NULL),
(580, 'James Mason', NULL),
(581, ' Robert Newton', NULL),
(582, ' Cyril Cusack', NULL),
(583, 'Lamberto Maggiorani', NULL),
(584, ' Enzo Staiola', NULL),
(585, ' Lianella Carell', NULL),
(586, 'Joan Fontaine', NULL),
(587, ' Louis Jourdan', NULL),
(588, ' Mady Christians', NULL),
(589, 'Joan Bennett', NULL),
(590, ' Michael Redgrave', NULL),
(591, ' Anne Revere', NULL),
(592, 'John Garfield', NULL),
(593, ' Thomas Gomez', NULL),
(594, ' Beatrice Pearson', NULL),
(595, 'Chaoming Cui', NULL),
(596, ' Wei Li', NULL),
(597, ' Yu Shi', NULL),
(598, 'John Wayne', NULL),
(599, ' Montgomery Clift', NULL),
(600, ' Joanne Dru', NULL),
(601, 'Bob Hope', NULL),
(602, ' Jane Russell', NULL),
(603, ' Robert Armstrong', NULL),
(604, 'Olivia de Havilland', NULL),
(605, ' Mark Stevens', NULL),
(606, ' Leo Genn', NULL),
(607, 'Rita Hayworth', NULL),
(608, ' Orson Welles', NULL),
(609, ' Everett Sloane', NULL),
(610, 'James Stewart', NULL),
(611, ' John Dall', NULL),
(612, ' Farley Granger', NULL),
(613, 'Anton Walbrook', NULL),
(614, ' Marius Goring', NULL),
(615, ' Moira Shearer', NULL),
(616, 'Humphrey Bogart', NULL),
(617, ' Walter Huston', NULL),
(618, ' Tim Holt', NULL),
(619, 'Joseph Boudreaux', NULL),
(620, ' Lionel Le Blanc', NULL),
(621, ' E. Bienvenu', NULL),
(622, 'John Dall', NULL),
(623, ' Peggy Cummins', NULL),
(624, ' Berry Kroeger', NULL),
(625, 'James Mason', NULL),
(626, ' Joan Bennett', NULL),
(627, ' Geraldine Brooks', NULL),
(628, 'James Cagney', NULL),
(629, ' Virginia Mayo', NULL),
(630, ' Edmond O\'Brien', NULL),
(631, 'Spencer Tracy', NULL),
(632, ' Katharine Hepburn', NULL),
(633, ' Judy Holliday', NULL),
(634, 'Olivia de Havilland', NULL),
(635, ' Montgomery Clift', NULL),
(636, ' Ralph Richardson', NULL),
(637, 'Orson Welles', NULL),
(638, ' Joseph Cotten', NULL),
(639, ' Alida Valli', NULL),
(640, 'Dennis Price', NULL),
(641, ' Alec Guinness', NULL),
(642, ' Valerie Hobson', NULL),
(643, 'Basil Radford', NULL),
(644, ' Joan Greenwood', NULL),
(645, ' Catherine Lacey', NULL),
(646, 'Gene Kelly', NULL),
(647, ' Frank Sinatra', NULL),
(648, ' Betty Garrett', NULL),
(649, 'Jean Marais', NULL),
(650, ' François Périer', NULL),
(651, ' María Casares', NULL),
(652, 'Sterling Hayden', NULL),
(653, ' Louis Calhern', NULL),
(654, ' Jean Hagen', NULL),
(655, 'Toshirô Mifune', NULL),
(656, ' Machiko Kyô', NULL),
(657, ' Masayuki Mori', NULL),
(658, 'Bette Davis', NULL),
(659, ' Anne Baxter', NULL),
(660, ' George Sanders', NULL),
(661, 'James Stewart', NULL),
(662, ' Shelley Winters', NULL),
(663, ' Dan Duryea', NULL),
(664, 'John Wayne', NULL),
(665, ' Maureen O\'Hara', NULL),
(666, ' Ben Johnson', NULL),
(667, 'William Holden', NULL),
(668, ' Gloria Swanson', NULL),
(669, ' Erich von Stroheim', NULL),
(670, 'Alfonso Mejía', NULL),
(671, ' Roberto Cobo', NULL),
(672, ' Estela Inda', NULL),
(673, 'Humphrey Bogart', NULL),
(674, ' Gloria Grahame', NULL),
(675, ' Frank Lovejoy', NULL),
(676, 'Kirk Douglas', NULL),
(677, ' Jan Sterling', NULL),
(678, ' Robert Arthur', NULL),
(679, 'Farley Granger', NULL),
(680, ' Robert Walker', NULL),
(681, ' Ruth Roman', NULL),
(682, 'Vivien Leigh', NULL),
(683, ' Marlon Brando', NULL),
(684, ' Kim Hunter', NULL),
(685, 'Gene Kelly', NULL),
(686, ' Leslie Caron', NULL),
(687, ' Oscar Levant', NULL),
(688, 'James Mason', NULL),
(689, ' Ava Gardner', NULL),
(690, ' Nigel Patrick', NULL),
(691, 'Humphrey Bogart', NULL),
(692, ' Katharine Hepburn', NULL),
(693, ' Robert Morley', NULL),
(694, 'Montgomery Clift', NULL),
(695, ' Elizabeth Taylor', NULL),
(696, ' Shelley Winters', NULL),
(697, 'Alec Guinness', NULL),
(698, ' Stanley Holloway', NULL),
(699, ' Sidney James', NULL),
(700, 'Claude Laydu', NULL),
(701, ' Nicole Ladmiral', NULL),
(702, ' Jean Riveyre', NULL),
(703, 'Michael Rennie', NULL),
(704, ' Patricia Neal', NULL),
(705, ' Hugh Marlowe', NULL),
(706, 'John Wayne', NULL),
(707, ' Maureen O\'Hara', NULL),
(708, ' Barry Fitzgerald', NULL),
(709, 'Georges Poujouly', NULL),
(710, ' Brigitte Fossey', NULL),
(711, ' Amédée', NULL),
(712, 'Ingrid Bergman', NULL),
(713, ' Alexander Knox', NULL),
(714, ' Ettore Giannini', NULL),
(715, 'Gene Kelly', NULL),
(716, ' Donald O\'Connor', NULL),
(717, ' Debbie Reynolds', NULL),
(718, 'Lana Turner', NULL),
(719, ' Kirk Douglas', NULL),
(720, ' Walter Pidgeon', NULL),
(721, 'Takashi Shimura', NULL),
(722, ' Nobuo Kaneko', NULL),
(723, ' Shin\'ichi Himori', NULL),
(724, 'Carlo Battisti', NULL),
(725, ' Maria Pia Casilio', NULL),
(726, ' Lina Gennari', NULL),
(727, 'Gary Cooper', NULL),
(728, ' Grace Kelly', NULL),
(729, ' Thomas Mitchell', NULL),
(730, 'Anna Magnani', NULL),
(731, ' Odoardo Spadaro', NULL),
(732, ' Nada Fiorelli', NULL),
(733, 'Harriet Andersson', NULL),
(734, ' Lars Ekborg', NULL),
(735, ' Dagmar Ebbesen', NULL),
(736, 'Richard Widmark', NULL),
(737, ' Jean Peters', NULL),
(738, ' Thelma Ritter', NULL),
(739, 'Fred Astaire', NULL),
(740, ' Cyd Charisse', NULL),
(741, ' Oscar Levant', NULL),
(742, 'Jacques Tati', NULL),
(743, ' Nathalie Pascaud', NULL),
(744, ' Micheline Rolla', NULL),
(745, 'Charles Boyer', NULL),
(746, ' Danielle Darrieux', NULL),
(747, ' Vittorio De Sica', NULL),
(748, 'Yves Montand', NULL),
(749, ' Charles Vanel', NULL),
(750, ' Peter van Eyck', NULL),
(751, 'Joan Fontaine', NULL),
(752, ' Ida Lupino', NULL),
(753, ' Edmund Gwenn', NULL),
(754, 'James Stewart', NULL),
(755, ' Janet Leigh', NULL),
(756, ' Robert Ryan', NULL),
(757, 'Chishû Ryû', NULL),
(758, ' Chieko Higashiyama', NULL),
(759, ' Sô Yamamura', NULL),
(760, 'Burt Lancaster', NULL),
(761, ' Montgomery Clift', NULL),
(762, ' Deborah Kerr', NULL),
(763, 'Masayuki Mori', NULL),
(764, ' Machiko Kyô', NULL),
(765, ' Kinuyo Tanaka', NULL),
(766, 'Ingrid Bergman', NULL),
(767, ' George Sanders', NULL),
(768, ' Maria Mauban', NULL),
(769, 'Alan Ladd', NULL),
(770, ' Jean Arthur', NULL),
(771, ' Van Heflin', NULL),
(772, 'Jane Russell', NULL),
(773, ' Marilyn Monroe', NULL),
(774, ' Charles Coburn', NULL),
(775, 'Gregory Peck', NULL),
(776, ' Audrey Hepburn', NULL),
(777, ' Eddie Albert', NULL),
(778, 'Glenn Ford', NULL),
(779, ' Gloria Grahame', NULL),
(780, ' Jocelyn Brando', NULL),
(781, 'Marlon Brando', NULL),
(782, ' Karl Malden', NULL),
(783, ' Lee J. Cobb', NULL),
(784, 'Anthony Quinn', NULL),
(785, ' Giulietta Masina', NULL),
(786, ' Richard Basehart', NULL),
(787, 'Simone Signoret', NULL),
(788, ' Véra Clouzot', NULL),
(789, ' Paul Meurisse', NULL),
(790, 'Judy Garland', NULL),
(791, ' James Mason', NULL),
(792, ' Jack Carson', NULL),
(793, 'James Stewart', NULL),
(794, ' Grace Kelly', NULL),
(795, ' Wendell Corey', NULL),
(796, 'Farley Granger', NULL),
(797, ' Alida Valli', NULL),
(798, ' Massimo Girotti', NULL),
(799, 'Kinuyo Tanaka', NULL),
(800, ' Yoshiaki Hanayagi', NULL),
(801, ' Kyôko Kagawa', NULL),
(802, 'John Payne', NULL),
(803, ' Lizabeth Scott', NULL),
(804, ' Dan Duryea', NULL),
(805, 'Humphrey Bogart', NULL),
(806, ' Ava Gardner', NULL),
(807, ' Edmond O\'Brien', NULL),
(808, 'Toshirô Mifune', NULL),
(809, ' Takashi Shimura', NULL),
(810, ' Keiko Tsushima', NULL),
(811, 'Harry Belafonte', NULL),
(812, ' Dorothy Dandridge', NULL),
(813, ' Pearl Bailey', NULL),
(814, 'Joan Crawford', NULL),
(815, ' Sterling Hayden', NULL),
(816, ' Mercedes McCambridge', NULL),
(817, 'Juan Chacón', NULL),
(818, ' Rosaura Revueltas', NULL),
(819, ' Will Geer', NULL),
(820, 'Martine Carol', NULL),
(821, ' Peter Ustinov', NULL),
(822, ' Anton Walbrook', NULL),
(823, 'Kanu Bannerjee', NULL),
(824, ' Karuna Bannerjee', NULL),
(825, ' Subir Banerjee', NULL),
(826, 'Henrik Malberg', NULL),
(827, ' Emil Hass Christensen', NULL),
(828, ' Preben Lerdorff Rye', NULL),
(829, 'Ernest Borgnine', NULL),
(830, ' Betsy Blair', NULL),
(831, ' Esther Minciotti', NULL),
(832, 'Dean Martin', NULL),
(833, ' Jerry Lewis', NULL),
(834, ' Shirley MacLaine', NULL),
(835, 'James Dean', NULL),
(836, ' Natalie Wood', NULL),
(837, ' Sal Mineo', NULL),
(838, 'Jean Rouch', NULL),
(839, 'Edward Mulhare', NULL),
(840, ' Haya Harareet', NULL),
(841, ' Michael Shillo', NULL),
(842, 'Spencer Tracy', NULL),
(843, ' Robert Ryan', NULL),
(844, ' Anne Francis', NULL),
(845, 'Michel Bouquet', NULL),
(846, ' Reinhard Heydrich', NULL),
(847, ' Heinrich Himmler', NULL),
(848, 'John McIntire', NULL),
(849, ' Richard Kiley', NULL),
(850, ' Kathryn Grant', NULL),
(851, 'Frank Sinatra', NULL),
(852, ' Kim Novak', NULL),
(853, ' Eleanor Parker', NULL),
(854, 'Ralph Meeker', NULL),
(855, ' Albert Dekker', NULL),
(856, ' Paul Stewart', NULL),
(857, 'Marlon Brando', NULL),
(858, ' Jean Simmons', NULL),
(859, ' Frank Sinatra', NULL),
(860, 'Robert Mitchum', NULL),
(861, ' Shelley Winters', NULL),
(862, ' Lillian Gish', NULL),
(863, 'Alec Guinness', NULL),
(864, ' Peter Sellers', NULL),
(865, ' Cecil Parker', NULL),
(866, 'Gordon MacRae', NULL),
(867, ' Gloria Grahame', NULL),
(868, ' Gene Nelson', NULL),
(869, 'Ulla Jacobsson', NULL),
(870, ' Eva Dahlbeck', NULL),
(871, ' Harriet Andersson', NULL),
(872, 'Roger Duchesne', NULL),
(873, ' Isabelle Corey', NULL),
(874, ' Daniel Cauchy', NULL),
(875, 'Jane Wyman', NULL),
(876, ' Rock Hudson', NULL),
(877, ' Agnes Moorehead', NULL),
(878, 'Charlton Heston', NULL),
(879, ' Yul Brynner', NULL),
(880, ' Anne Baxter', NULL),
(881, 'John Wayne', NULL),
(882, ' Jeffrey Hunter', NULL),
(883, ' Vera Miles', NULL),
(884, 'Rentarô Mikuni', NULL),
(885, ' Shôji Yasui', NULL),
(886, ' Tatsuya Mihashi', NULL),
(887, 'Walter Pidgeon', NULL),
(888, ' Anne Francis', NULL),
(889, ' Leslie Nielsen', NULL),
(890, 'Rock Hudson', NULL),
(891, ' Lauren Bacall', NULL),
(892, ' Robert Stack', NULL),
(893, 'François Leterrier', NULL),
(894, ' Charles Le Clainche', NULL),
(895, ' Maurice Beerblock', NULL),
(896, 'James Mason', NULL),
(897, ' Barbara Rush', NULL),
(898, ' Walter Matthau', NULL),
(899, 'Kevin McCarthy', NULL),
(900, ' Dana Wynter', NULL),
(901, ' Larry Gates', NULL),
(902, 'Elizabeth Taylor', NULL),
(903, ' Rock Hudson', NULL),
(904, ' James Dean', NULL),
(905, 'Henry Fonda', NULL),
(906, ' Vera Miles', NULL),
(907, ' Anthony Quayle', NULL),
(908, 'Bing Crosby', NULL),
(909, ' Grace Kelly', NULL),
(910, ' Frank Sinatra', NULL),
(911, 'Toshirô Mifune', NULL),
(912, ' Minoru Chiaki', NULL),
(913, ' Isuzu Yamada', NULL),
(914, 'Kirk Douglas', NULL),
(915, ' Ralph Meeker', NULL),
(916, ' Adolphe Menjou', NULL),
(917, 'Cary Grant', NULL),
(918, ' Deborah Kerr', NULL),
(919, ' Richard Denning', NULL),
(920, 'Max von Sydow', NULL),
(921, ' Gunnar Björnstrand', NULL),
(922, ' Bengt Ekerot', NULL),
(923, 'Henry Fonda', NULL),
(924, ' Lee J. Cobb', NULL),
(925, ' Martin Balsam', NULL),
(926, 'Victor Sjöström', NULL),
(927, ' Bibi Andersson', NULL),
(928, ' Ingrid Thulin', NULL),
(929, 'Grant Williams', NULL),
(930, ' Randy Stuart', NULL),
(931, ' April Kent', NULL),
(932, 'Burt Lancaster', NULL),
(933, ' Kirk Douglas', NULL),
(934, ' Rhonda Fleming', NULL),
(935, 'Giulietta Masina', NULL),
(936, ' François Périer', NULL),
(937, ' Franca Marzi', NULL),
(938, 'Tatyana Samoylova', NULL),
(939, ' Aleksey Batalov', NULL),
(940, ' Vasiliy Merkurev', NULL),
(941, 'Pinaki Sengupta', NULL),
(942, ' Smaran Ghosal', NULL),
(943, ' Kamala Adhikari', NULL),
(944, 'William Holden', NULL),
(945, ' Alec Guinness', NULL),
(946, ' Jack Hawkins', NULL),
(947, 'Burt Lancaster', NULL),
(948, ' Tony Curtis', NULL),
(949, ' Susan Harrison', NULL),
(950, 'Nargis', NULL),
(951, ' Sunil Dutt', NULL),
(952, ' Rajendra Kumar Tuli', NULL),
(953, 'Charlton Heston', NULL),
(954, ' Orson Welles', NULL),
(955, ' Janet Leigh', NULL),
(956, 'Leslie Caron', NULL),
(957, ' Maurice Chevalier', NULL),
(958, ' Louis Jourdan', NULL),
(959, 'Tony Curtis', NULL),
(960, ' Sidney Poitier', NULL),
(961, ' Theodore Bikel', NULL),
(962, 'Gary Cooper', NULL),
(963, ' Julie London', NULL),
(964, ' Lee J. Cobb', NULL),
(965, 'James Stewart', NULL),
(966, ' Kim Novak', NULL),
(967, ' Barbara Bel Geddes', NULL),
(968, 'Zbigniew Cybulski', NULL),
(969, ' Ewa Krzyzewska', NULL),
(970, ' Waclaw Zastrzezynski', NULL),
(971, 'Farid Shawqi', NULL),
(972, ' Hind Rustum', NULL),
(973, ' Youssef Chahine', NULL),
(974, 'Chhabi Biswas', NULL),
(975, ' Gangapada Basu', NULL),
(976, ' Padmadevi', NULL),
(977, 'Jacques Tati', NULL),
(978, ' Jean-Pierre Zola', NULL),
(979, ' Adrienne Servantie', NULL),
(980, 'Frank Sinatra', NULL),
(981, ' Dean Martin', NULL),
(982, ' Shirley MacLaine', NULL),
(983, 'Peter Cushing', NULL),
(984, ' Christopher Lee', NULL),
(985, ' Michael Gough', NULL),
(986, 'Marilyn Monroe', NULL),
(987, ' Tony Curtis', NULL),
(988, ' Jack Lemmon', NULL),
(989, 'Cary Grant', NULL),
(990, ' Eva Marie Saint', NULL),
(991, ' James Mason', NULL),
(992, 'Jean-Pierre Léaud', NULL),
(993, ' Albert Rémy', NULL),
(994, ' Claire Maurier', NULL),
(995, 'Martin LaSalle', NULL),
(996, ' Marika Green', NULL),
(997, ' Jean Pélégri', NULL),
(998, 'Emmanuelle Riva', NULL),
(999, ' Eiji Okada', NULL),
(1000, ' Stella Dassas', NULL),
(1001, 'Randolph Scott', NULL),
(1002, ' Karen Steele', NULL),
(1003, ' Pernell Roberts', NULL),
(1004, 'Breno Mello', NULL),
(1005, ' Marpessa Dawn', NULL),
(1006, ' Lourdes de Oliveira', NULL),
(1007, 'Charlton Heston', NULL),
(1008, ' Jack Hawkins', NULL),
(1009, ' Stephen Boyd', NULL),
(1010, 'James Stewart', NULL),
(1011, ' Lee Remick', NULL),
(1012, ' Ben Gazzara', NULL),
(1013, 'Ben Carruthers', NULL),
(1014, ' Lelia Goldoni', NULL),
(1015, ' Hugh Hurd', NULL),
(1016, 'Soumitra Chatterjee', NULL),
(1017, ' Sharmila Tagore', NULL),
(1018, ' Alok Chakravarty', NULL),
(1019, 'John Wayne', NULL),
(1020, ' Dean Martin', NULL),
(1021, ' Ricky Nelson', NULL),
(1022, 'Ganjirô Nakamura', NULL),
(1023, ' Machiko Kyô', NULL),
(1024, ' Haruko Sugimura', NULL),
(1025, 'Pierre Brasseur', NULL),
(1026, ' Alida Valli', NULL),
(1027, ' Juliette Mayniel', NULL),
(1028, 'Albert Finney', NULL),
(1029, ' Shirley Anne Field', NULL),
(1030, ' Rachel Roberts', NULL),
(1031, 'Marcello Mastroianni', NULL),
(1032, ' Anita Ekberg', NULL),
(1033, ' Anouk Aimée', NULL),
(1034, 'André Bervil', NULL),
(1035, ' Jean Keraudy', NULL),
(1036, ' Michel Constantin', NULL),
(1037, 'Alain Delon', NULL),
(1038, ' Renato Salvatori', NULL),
(1039, ' Annie Girardot', NULL),
(1040, 'Gabriele Ferzetti', NULL),
(1041, ' Monica Vitti', NULL),
(1042, ' Lea Massari', NULL),
(1043, 'Jean-Paul Belmondo', NULL),
(1044, ' Jean Seberg', NULL),
(1045, ' Van Doude', NULL),
(1046, 'Kirk Douglas', NULL),
(1047, ' Laurence Olivier', NULL),
(1048, ' Jean Simmons', NULL),
(1049, 'Jack Lemmon', NULL),
(1050, ' Shirley MacLaine', NULL),
(1051, ' Fred MacMurray', NULL),
(1052, 'Jin Kyu Kim', NULL),
(1053, ' Jeung-nyeo Ju', NULL),
(1054, ' Eun-shim Lee', NULL),
(1055, 'Supriya Choudhury', NULL),
(1056, ' Anil Chatterjee', NULL),
(1057, ' Gyanesh Mukherjee', NULL),
(1058, 'Anthony Perkins', NULL),
(1059, ' Janet Leigh', NULL),
(1060, ' Vera Miles', NULL),
(1061, 'Charles Aznavour', NULL),
(1062, ' Marie Dubois', NULL),
(1063, ' Nicole Berger', NULL),
(1064, 'Karlheinz Böhm', NULL),
(1065, ' Anna Massey', NULL),
(1066, ' Moira Shearer', NULL),
(1067, 'Barbara Steele', NULL),
(1068, ' John Richardson', NULL),
(1069, ' Andrea Checchi', NULL),
(1070, 'Natalie Wood', NULL),
(1071, ' Warren Beatty', NULL),
(1072, ' Pat Hingle', NULL),
(1073, 'Silvia Pinal', NULL),
(1074, ' Francisco Rabal', NULL),
(1075, ' Fernando Rey', NULL),
(1076, 'Étienne Becker', NULL),
(1077, ' Jean Négroni', NULL),
(1078, ' Hélène Chatelain', NULL),
(1079, 'Audrey Hepburn', NULL),
(1080, ' George Peppard', NULL),
(1081, ' Patricia Neal', NULL),
(1082, 'Anouk Aimée', NULL),
(1083, ' Marc Michel', NULL),
(1084, ' Jacques Harden', NULL),
(1085, 'Yvonne Williams', NULL),
(1086, ' Homer Nish', NULL),
(1087, ' Tom Reynolds', NULL),
(1088, 'Jeanne Moreau', NULL),
(1089, ' Marcello Mastroianni', NULL),
(1090, ' Monica Vitti', NULL),
(1091, 'Natalie Wood', NULL),
(1092, ' George Chakiris', NULL),
(1093, ' Richard Beymer', NULL),
(1094, 'Paul Newman', NULL),
(1095, ' Jackie Gleason', NULL),
(1096, ' Piper Laurie', NULL),
(1097, 'Jerry Lewis', NULL),
(1098, ' Helen Traubel', NULL),
(1099, ' Pat Stanley', NULL),
(1100, 'Harriet Andersson', NULL),
(1101, ' Gunnar Björnstrand', NULL),
(1102, ' Max von Sydow', NULL),
(1103, 'Angelo', NULL),
(1104, ' Nadine Ballot', NULL),
(1105, ' Catherine', NULL),
(1106, 'Delphine Seyrig', NULL),
(1107, ' Giorgio Albertazzi', NULL),
(1108, ' Sacha Pitoëff', NULL),
(1109, 'Corinne Marchand', NULL),
(1110, ' Antoine Bourseiller', NULL),
(1111, ' Dominique Davray', NULL),
(1112, 'Jane Brakhage', NULL),
(1113, ' Stan Brakhage', NULL),
(1114, 'Anna Karina', NULL),
(1115, ' Sady Rebbot', NULL),
(1116, ' André S. Labarthe', NULL),
(1117, 'Chishû Ryû', NULL),
(1118, ' Shima Iwashita', NULL),
(1119, ' Keiji Sada', NULL),
(1120, 'James Mason', NULL),
(1121, ' Shelley Winters', NULL),
(1122, ' Sue Lyon', NULL),
(1123, 'James Stewart', NULL),
(1124, ' John Wayne', NULL),
(1125, ' Vera Miles', NULL),
(1126, 'N/A', NULL),
(1127, 'Peter O\'Toole', NULL),
(1128, ' Alec Guinness', NULL),
(1129, ' Anthony Quinn', NULL),
(1130, 'Gregory Peck', NULL),
(1131, ' John Megna', NULL),
(1132, ' Frank Overton', NULL),
(1133, 'Leonardo Villar', NULL),
(1134, ' Glória Menezes', NULL),
(1135, ' Dionísio Azevedo', NULL),
(1136, 'Monica Vitti', NULL),
(1137, ' Alain Delon', NULL),
(1138, ' Francisco Rabal', NULL),
(1139, 'Stefano Sibaldi', NULL),
(1140, ' Rossano Brazzi', NULL),
(1141, ' Yves Klein', NULL),
(1142, 'Silvia Pinal', NULL),
(1143, ' Jacqueline Andere', NULL),
(1144, ' Enrique Rambal', NULL),
(1145, 'Jeanne Moreau', NULL),
(1146, ' Oskar Werner', NULL),
(1147, ' Henri Serre', NULL),
(1148, 'Frank Sinatra', NULL),
(1149, ' Laurence Harvey', NULL),
(1150, ' Janet Leigh', NULL),
(1151, 'Bette Davis', NULL),
(1152, ' Joan Crawford', NULL),
(1153, ' Victor Buono', NULL),
(1154, 'Marcello Mastroianni', NULL),
(1155, ' Anouk Aimée', NULL),
(1156, ' Claudia Cardinale', NULL),
(1157, 'Rod Taylor', NULL),
(1158, ' Tippi Hedren', NULL),
(1159, ' Jessica Tandy', NULL),
(1160, 'Aleksandra Slaska', NULL),
(1161, ' Anna Ciepielewska', NULL),
(1162, ' Jan Kreczmar', NULL),
(1163, 'Dirk Bogarde', NULL),
(1164, ' Sarah Miles', NULL),
(1165, ' Wendy Craig', NULL),
(1166, 'Francis Francine', NULL),
(1167, ' Sheila Bick', NULL),
(1168, ' Joel Markman', NULL),
(1169, 'Forugh Farrokhzad', NULL),
(1170, ' Ebrahim Golestan', NULL),
(1171, ' Hossein Mansouri', NULL),
(1172, 'Paul Newman', NULL),
(1173, ' Melvyn Douglas', NULL),
(1174, ' Patricia Neal', NULL),
(1175, 'Burt Lancaster', NULL),
(1176, ' Alain Delon', NULL),
(1177, ' Claudia Cardinale', NULL),
(1178, 'Átila Iório', NULL),
(1179, ' Maria Ribeiro', NULL),
(1180, ' Orlando Macedo', NULL),
(1181, 'Peter Breck', NULL),
(1182, ' Constance Towers', NULL),
(1183, ' Gene Evans', NULL),
(1184, 'Brigitte Bardot', NULL),
(1185, ' Jack Palance', NULL),
(1186, ' Michel Piccoli', NULL),
(1187, 'Ken Jacobs', NULL),
(1188, ' Jack Smith', NULL),
(1189, 'Rony Clanton', NULL),
(1190, ' Carl Lee', NULL),
(1191, ' Yolanda Rodríguez', NULL),
(1192, 'Jerry Lewis', NULL),
(1193, ' Stella Stevens', NULL),
(1194, ' Del Moore', NULL),
(1195, 'Steve McQueen', NULL),
(1196, ' James Garner', NULL),
(1197, ' Richard Attenborough', NULL),
(1198, 'N/A', NULL),
(1199, 'Kazuo Hasegawa', NULL),
(1200, ' Fujiko Yamamoto', NULL),
(1201, ' Ayako Wakao', NULL),
(1202, 'Julie Harris', NULL),
(1203, ' Claire Bloom', NULL),
(1204, ' Richard Johnson', NULL),
(1205, 'Sean Connery', NULL),
(1206, ' Gert Fröbe', NULL),
(1207, ' Honor Blackman', NULL),
(1208, 'Audrey Hepburn', NULL),
(1209, ' Rex Harrison', NULL),
(1210, ' Stanley Holloway', NULL),
(1211, 'Monica Vitti', NULL),
(1212, ' Richard Harris', NULL),
(1213, ' Carlo Chionetti', NULL),
(1214, 'Eiji Okada', NULL),
(1215, ' Kyôko Kishida', NULL),
(1216, ' Hiroko Itô', NULL),
(1217, 'Ivan Mikolaychuk', NULL),
(1218, ' Larisa Kadochnikova', NULL),
(1219, ' Tatyana Bestayeva', NULL),
(1220, 'Ernie Allo', NULL),
(1221, ' Bruce Byron', NULL),
(1222, ' Frank Carifi', NULL),
(1223, 'Tippi Hedren', NULL),
(1224, ' Sean Connery', NULL),
(1225, ' Martin Gabel', NULL),
(1226, 'Vincent Price', NULL),
(1227, ' Hazel Court', NULL),
(1228, ' Jane Asher', NULL),
(1229, 'Adriana Asti', NULL),
(1230, ' Francesco Barilli', NULL),
(1231, ' Allen Midgette', NULL),
(1232, 'Peter Sellers', NULL),
(1233, ' George C. Scott', NULL),
(1234, ' Sterling Hayden', NULL),
(1235, 'Geraldo Del Rey', NULL),
(1236, ' Yoná Magalhães', NULL),
(1237, ' Othon Bastos', NULL),
(1238, 'John Lennon', NULL),
(1239, ' Paul McCartney', NULL),
(1240, ' George Harrison', NULL),
(1241, 'Catherine Deneuve', NULL),
(1242, ' Nino Castelnuovo', NULL),
(1243, ' Anne Vernon', NULL),
(1244, 'Nina Pens Rode', NULL),
(1245, ' Bendt Rothe', NULL),
(1246, ' Ebbe Rode', NULL),
(1247, 'Julie Andrews', NULL),
(1248, ' Dick Van Dyke', NULL),
(1249, ' David Tomlinson', NULL),
(1250, 'Nobuko Otowa', NULL),
(1251, ' Jitsuko Yoshimura', NULL),
(1252, ' Kei Satô', NULL),
(1253, 'Enrique Irazoqui', NULL),
(1254, ' Margherita Caruso', NULL),
(1255, ' Susanna Pasolini', NULL),
(1256, 'Ida Kaminska', NULL),
(1257, ' Jozef Kroner', NULL),
(1258, ' Frantisek Zvarík', NULL),
(1259, 'Omar Sharif', NULL),
(1260, ' Julie Christie', NULL),
(1261, ' Geraldine Chaplin', NULL),
(1262, 'Michael Aspel', NULL),
(1263, ' Peter Graham', NULL),
(1264, ' Dave Baldwin', NULL),
(1265, 'Antonio Ambu', NULL),
(1266, ' Gary Anderson', NULL),
(1267, ' Gerry Ashworth', NULL),
(1268, 'Giulietta Masina', NULL),
(1269, ' Sandra Milo', NULL),
(1270, ' Mario Pisu', NULL),
(1271, 'Brahim Hadjadj', NULL),
(1272, ' Jean Martin', NULL),
(1273, ' Yacef Saadi', NULL),
(1274, 'Julie Andrews', NULL),
(1275, ' Christopher Plummer', NULL),
(1276, ' Eleanor Parker', NULL),
(1277, 'Senne Rouffaer', NULL),
(1278, ' Beata Tyszkiewicz', NULL),
(1279, ' Hector Camerlynck', NULL),
(1280, 'Eddie Constantine', NULL),
(1281, ' Anna Karina', NULL),
(1282, ' Akim Tamiroff', NULL),
(1283, 'Orson Welles', NULL),
(1284, ' Jeanne Moreau', NULL),
(1285, ' Margaret Rutherford', NULL),
(1286, 'Tura Satana', NULL),
(1287, ' Haji', NULL),
(1288, ' Lori Williams', NULL),
(1289, 'Tosh Carillo', NULL),
(1290, ' Larry Latrae', NULL),
(1291, ' Gerard Malanga', NULL),
(1292, 'Zbigniew Cybulski', NULL),
(1293, ' Iga Cembrzynska', NULL),
(1294, ' Elzbieta Czyzewska', NULL),
(1295, 'Catherine Deneuve', NULL),
(1296, ' Ian Hendry', NULL),
(1297, ' John Fraser', NULL),
(1298, 'Jean-Paul Belmondo', NULL),
(1299, ' Anna Karina', NULL),
(1300, ' Graziella Galvani', NULL),
(1301, 'Madhavi Mukherjee', NULL),
(1302, ' Bijon Bhattacharya', NULL),
(1303, ' Abhi Bhattacharya', NULL),
(1304, 'Donna Kerness', NULL),
(1305, ' George Kuchar', NULL),
(1306, ' Stella Kuchar', NULL),
(1307, 'Elizabeth Taylor', NULL),
(1308, ' Richard Burton', NULL),
(1309, ' George Segal', NULL),
(1310, 'David Hemmings', NULL),
(1311, ' Vanessa Redgrave', NULL),
(1312, ' Sarah Miles', NULL),
(1313, 'Ivana Karbanová', NULL),
(1314, ' Jitka Cerhová', NULL),
(1315, ' Marie Cesková', NULL),
(1316, 'Pei-Pei Cheng', NULL),
(1317, ' Hua Yueh', NULL),
(1318, ' Chih-Ching Yang', NULL),
(1319, 'Rock Hudson', NULL),
(1320, ' Frank Campanella', NULL),
(1321, ' John Randolph', NULL),
(1322, 'Clint Eastwood', NULL),
(1323, ' Eli Wallach', NULL),
(1324, ' Lee Van Cleef', NULL),
(1325, 'Bibi Andersson', NULL),
(1326, ' Liv Ullmann', NULL),
(1327, ' Margaretha Krook', NULL),
(1328, 'Anne Wiazemsky', NULL),
(1329, ' Walter Green', NULL),
(1330, ' François Lafarge', NULL),
(1331, 'Jean-Pierre Léaud', NULL),
(1332, ' Chantal Goya', NULL),
(1333, ' Marlène Jobert', NULL),
(1334, 'N/A', NULL),
(1335, 'Jean-Luc Godard', NULL),
(1336, ' Yves Beneyton', NULL),
(1337, ' Juliet Berto', NULL),
(1338, 'Catherine Deneuve', NULL),
(1339, ' Jean Sorel', NULL),
(1340, ' Michel Piccoli', NULL),
(1341, 'Paul Newman', NULL),
(1342, ' George Kennedy', NULL),
(1343, ' Strother Martin', NULL),
(1344, 'Jacques Tati', NULL),
(1345, ' Barbara Dennek', NULL),
(1346, ' Rita Maiden', NULL),
(1347, 'József Madaras', NULL),
(1348, ' Tibor Molnár', NULL),
(1349, ' András Kozák', NULL),
(1350, 'Dustin Hoffman', NULL),
(1351, ' Anne Bancroft', NULL),
(1352, ' Katharine Ross', NULL),
(1353, 'Lee Marvin', NULL),
(1354, ' Angie Dickinson', NULL),
(1355, ' Keenan Wynn', NULL),
(1356, 'Catherine Deneuve', NULL),
(1357, ' George Chakiris', NULL),
(1358, ' Françoise Dorléac', NULL),
(1359, 'Alain Delon', NULL),
(1360, ' François Périer', NULL),
(1361, ' Nathalie Delon', NULL),
(1362, 'Hollis Frampton', NULL),
(1363, ' Lyne Grossman', NULL),
(1364, ' Naoto Nakazawa', NULL),
(1365, 'Václav Neckár', NULL),
(1366, ' Josef Somr', NULL),
(1367, ' Vlastimil Brodský', NULL),
(1368, 'Jardel Filho', NULL),
(1369, ' Paulo Autran', NULL),
(1370, ' José Lewgoy', NULL),
(1371, 'Sidney Poitier', NULL),
(1372, ' Rod Steiger', NULL),
(1373, ' Warren Oates', NULL),
(1374, 'Josef Kemr', NULL),
(1375, ' Magda Vásáryová', NULL),
(1376, ' Nada Hejna', NULL),
(1377, 'Jan Vostrcil', NULL),
(1378, ' Josef Sebánek', NULL),
(1379, ' Josef Valnoha', NULL),
(1380, 'Phil Harris', NULL),
(1381, ' Sebastian Cabot', NULL),
(1382, ' Louis Prima', NULL),
(1383, 'Warren Beatty', NULL),
(1384, ' Faye Dunaway', NULL),
(1385, ' Michael J. Pollard', NULL),
(1386, 'Leonid Kuravlyov', NULL),
(1387, ' Natalya Varley', NULL),
(1388, ' Aleksey Glazyrin', NULL),
(1389, 'Ezzatolah Entezami', NULL),
(1390, ' Mahin Shahabi', NULL),
(1391, ' Ali Nassirian', NULL),
(1392, 'Henry Fonda', NULL),
(1393, ' Charles Bronson', NULL),
(1394, ' Claudia Cardinale', NULL),
(1395, 'John Marley', NULL),
(1396, ' Gena Rowlands', NULL),
(1397, ' Lynn Carlin', NULL),
(1398, 'Charlton Heston', NULL),
(1399, ' Roddy McDowall', NULL),
(1400, ' Kim Hunter', NULL),
(1401, 'Mia Farrow', NULL),
(1402, ' John Cassavetes', NULL),
(1403, ' Ruth Gordon', NULL),
(1404, 'Malcolm McDowell', NULL),
(1405, ' David Wood', NULL),
(1406, ' Richard Warwick', NULL),
(1407, 'L.M. Kit Carson', NULL),
(1408, ' Eileen Dietz', NULL),
(1409, ' Louise Levine', NULL),
(1410, 'Sergio Corrieri', NULL),
(1411, ' Daisy Granados', NULL),
(1412, ' Eslinda Núñez', NULL),
(1413, 'N/A', NULL),
(1414, 'Max von Sydow', NULL),
(1415, ' Liv Ullmann', NULL),
(1416, ' Gertrud Fridh', NULL),
(1417, 'Keir Dullea', NULL),
(1418, ' Gary Lockwood', NULL),
(1419, ' William Sylvester', NULL),
(1420, 'Duane Jones', NULL),
(1421, ' Judith O\'Dea', NULL),
(1422, ' Karl Hardman', NULL),
(1423, 'Tim O\'Kelly', NULL),
(1424, ' Boris Karloff', NULL),
(1425, ' Nancy Hsueh', NULL),
(1426, 'Liv Ullmann', NULL),
(1427, ' Max von Sydow', NULL),
(1428, ' Sigge Fürst', NULL),
(1429, 'Zero Mostel', NULL),
(1430, ' Gene Wilder', NULL),
(1431, ' Dick Shawn', NULL),
(1432, 'Yves Montand', NULL),
(1433, ' Irene Papas', NULL),
(1434, ' Jean-Louis Trintignant', NULL),
(1435, 'Martin Potter', NULL),
(1436, ' Hiram Keller', NULL),
(1437, ' Max Born', NULL),
(1438, 'Anatoliy Solonitsyn', NULL),
(1439, ' Ivan Lapikov', NULL),
(1440, ' Nikolay Grinko', NULL),
(1441, 'Sofiko Chiaureli', NULL),
(1442, ' Melkon Alekyan', NULL),
(1443, ' Vilen Galstyan', NULL),
(1444, 'Dustin Hoffman', NULL),
(1445, ' Jon Voight', NULL),
(1446, ' Sylvia Miles', NULL),
(1447, 'Paul Newman', NULL),
(1448, ' Robert Redford', NULL),
(1449, ' Katharine Ross', NULL),
(1450, 'Feng Hsu', NULL),
(1451, ' Chun Shih', NULL),
(1452, ' Ying Bai', NULL),
(1453, 'Peter Fonda', NULL),
(1454, ' Dennis Hopper', NULL),
(1455, ' Jack Nicholson', NULL),
(1456, 'David Bradley', NULL),
(1457, ' Brian Glover', NULL),
(1458, ' Freddie Fletcher', NULL),
(1459, 'Raquel Revuelta', NULL),
(1460, ' Eslinda Núñez', NULL),
(1461, ' Adela Legrá', NULL),
(1462, 'Harry S. Ashmore', NULL),
(1463, ' Daniel Berrigan', NULL),
(1464, ' Joseph Buttinger', NULL),
(1465, 'William Holden', NULL),
(1466, ' Ernest Borgnine', NULL),
(1467, ' Robert Ryan', NULL),
(1468, 'Jean-Louis Trintignant', NULL),
(1469, ' Françoise Fabian', NULL),
(1470, ' Marie-Christine Barrault', NULL),
(1471, 'Catherine Deneuve', NULL),
(1472, ' Fernando Rey', NULL),
(1473, ' Franco Nero', NULL),
(1474, 'Jean-Louis Trintignant', NULL),
(1475, ' Stefania Sandrelli', NULL),
(1476, ' Gastone Moschin', NULL),
(1477, 'Stéphane Audran', NULL),
(1478, ' Jean Yanne', NULL),
(1479, ' Antonio Passalia', NULL),
(1480, 'Alejandro Jodorowsky', NULL),
(1481, ' Brontis Jodorowsky', NULL),
(1482, ' José Legarreta', NULL),
(1483, 'Jack Nicholson', NULL),
(1484, ' Karen Black', NULL),
(1485, ' Billy Green Bush', NULL),
(1486, 'Jane Asher', NULL),
(1487, ' John Moulder-Brown', NULL),
(1488, ' Karl Michael Vogler', NULL),
(1489, 'Giulio Brogi', NULL),
(1490, ' Alida Valli', NULL),
(1491, ' Pippo Campanini', NULL),
(1492, 'Jirina Bohdalová', NULL),
(1493, ' Radoslav Brzobohatý', NULL),
(1494, ' Gustav Opocenský', NULL),
(1495, 'Dustin Hoffman', NULL),
(1496, ' Faye Dunaway', NULL),
(1497, ' Chief Dan George', NULL),
(1498, 'George C. Scott', NULL),
(1499, ' Karl Malden', NULL),
(1500, ' Stephen Young', NULL),
(1501, 'Tony Musante', NULL),
(1502, ' Suzy Kendall', NULL),
(1503, ' Enrico Maria Salerno', NULL),
(1504, 'Donald Sutherland', NULL),
(1505, ' Elliott Gould', NULL),
(1506, ' Tom Skerritt', NULL),
(1507, 'Mark Frechette', NULL),
(1508, ' Daria Halprin', NULL),
(1509, ' Paul Fix', NULL),
(1510, 'James Fox', NULL),
(1511, ' Mick Jagger', NULL),
(1512, ' Anita Pallenberg', NULL),
(1513, 'Joan Baez', NULL),
(1514, ' Richie Havens', NULL),
(1515, ' Roger Daltrey', NULL),
(1516, 'Mick Jagger', NULL),
(1517, ' Keith Richards', NULL),
(1518, ' Mick Taylor', NULL),
(1519, 'Dominique Sanda', NULL),
(1520, ' Lino Capolicchio', NULL),
(1521, ' Helmut Berger', NULL),
(1522, 'Clint Eastwood', NULL),
(1523, ' Andrew Robinson', NULL),
(1524, ' Harry Guardino', NULL),
(1525, 'Malcolm McDowell', NULL),
(1526, ' Patrick Magee', NULL),
(1527, ' Michael Bates', NULL),
(1528, 'Warren Beatty', NULL),
(1529, ' Julie Christie', NULL),
(1530, ' Rene Auberjonois', NULL),
(1531, 'Helmut Tausend', NULL),
(1532, ' Marcel Verdier', NULL),
(1533, ' Alexis Grave', NULL),
(1534, 'Gene Wilder', NULL),
(1535, ' Jack Albertson', NULL),
(1536, ' Peter Ostrum', NULL),
(1537, 'Vanessa Redgrave', NULL),
(1538, ' Oliver Reed', NULL),
(1539, ' Dudley Sutton', NULL),
(1540, 'Peter Fonda', NULL),
(1541, ' Warren Oates', NULL),
(1542, ' Verna Bloom', NULL),
(1543, 'Milena Dravic', NULL),
(1544, ' Ivica Vidovic', NULL),
(1545, ' Jagoda Kaloper', NULL),
(1546, 'Jenny Agutter', NULL),
(1547, ' David Gulpilil', NULL),
(1548, ' Luc Roeg', NULL),
(1549, 'Jane Fonda', NULL),
(1550, ' Donald Sutherland', NULL),
(1551, ' Charles Cioffi', NULL),
(1552, 'Ruth Gordon', NULL),
(1553, ' Bud Cort', NULL),
(1554, ' Vivian Pickles', NULL),
(1555, 'Gene Hackman', NULL),
(1556, ' Roy Scheider', NULL),
(1557, ' Fernando Rey', NULL),
(1558, 'Andrea Drahota', NULL),
(1559, ' Gyöngyi Bürös', NULL),
(1560, ' Erzsi Cserhalmi', NULL),
(1561, 'Michael Caine', NULL),
(1562, ' Ian Hendry', NULL),
(1563, ' Britt Ekland', NULL),
(1564, 'Richard Roundtree', NULL),
(1565, ' Moses Gunn', NULL),
(1566, ' Charles Cioffi', NULL),
(1567, 'Melvin Van Peebles', NULL),
(1568, ' Hubert Scales', NULL),
(1569, ' John Dullaghan', NULL),
(1570, 'Timothy Bottoms', NULL),
(1571, ' Jeff Bridges', NULL),
(1572, ' Cybill Shepherd', NULL),
(1573, 'Barbara Loden', NULL),
(1574, ' Michael Higgins', NULL),
(1575, ' Dorothy Shupenes', NULL),
(1576, 'Lea Massari', NULL),
(1577, ' Benoît Ferreux', NULL),
(1578, ' Daniel Gélin', NULL),
(1579, 'Dustin Hoffman', NULL),
(1580, ' Susan George', NULL),
(1581, ' Peter Vaughan', NULL),
(1582, 'James Taylor', NULL),
(1583, ' Warren Oates', NULL),
(1584, ' Laurie Bird', NULL),
(1585, 'Donald Pleasence', NULL),
(1586, ' Gary Bond', NULL),
(1587, ' Chips Rafferty', NULL),
(1588, 'Jon Voight', NULL),
(1589, ' Burt Reynolds', NULL),
(1590, ' Ned Beatty', NULL),
(1591, 'Klaus Kinski', NULL),
(1592, ' Ruy Guerra', NULL),
(1593, ' Helena Rojo', NULL),
(1594, 'Liza Minnelli', NULL),
(1595, ' Michael York', NULL),
(1596, ' Helmut Griem', NULL),
(1597, 'Natalya Bondarchuk', NULL),
(1598, ' Donatas Banionis', NULL),
(1599, ' Jüri Järvet', NULL),
(1600, 'Harriet Andersson', NULL),
(1601, ' Liv Ullmann', NULL),
(1602, ' Kari Sylwan', NULL),
(1603, 'Fernando Rey', NULL),
(1604, ' Delphine Seyrig', NULL),
(1605, ' Paul Frankeur', NULL),
(1606, 'Marlon Brando', NULL),
(1607, ' Al Pacino', NULL),
(1608, ' James Caan', NULL),
(1609, 'Marlon Brando', NULL),
(1610, ' Maria Schneider', NULL),
(1611, ' Maria Michi', NULL),
(1612, 'Margit Carstensen', NULL),
(1613, ' Hanna Schygulla', NULL),
(1614, ' Katrin Schaake', NULL),
(1615, 'Stacy Keach', NULL),
(1616, ' Jeff Bridges', NULL),
(1617, ' Susan Tyrrell', NULL),
(1618, 'Charles Grodin', NULL),
(1619, ' Cybill Shepherd', NULL),
(1620, ' Jeannie Berlin', NULL),
(1621, 'Jon Finch', NULL),
(1622, ' Barry Foster', NULL),
(1623, ' Barbara Leigh-Hunt', NULL),
(1624, 'Divine', NULL),
(1625, ' David Lochary', NULL),
(1626, ' Mary Vivian Pearce', NULL),
(1627, 'Laurence Olivier', NULL),
(1628, ' Michael Caine', NULL),
(1629, ' Alec Cawthorne', NULL),
(1630, 'Ron O\'Neal', NULL),
(1631, ' Carl Lee', NULL),
(1632, ' Sheila Frazier', NULL),
(1633, 'Paul Newman', NULL),
(1634, ' Robert Redford', NULL),
(1635, ' Robert Shaw', NULL),
(1636, 'Bernadette Lafont', NULL),
(1637, ' Jean-Pierre Léaud', NULL),
(1638, ' Françoise Lebrun', NULL),
(1639, 'Clint Eastwood', NULL),
(1640, ' Verna Bloom', NULL),
(1641, ' Marianna Hill', NULL),
(1642, 'Martin Sheen', NULL),
(1643, ' Sissy Spacek', NULL),
(1644, ' Warren Oates', NULL),
(1645, 'Richard Dreyfuss', NULL),
(1646, ' Ron Howard', NULL),
(1647, ' Paul Le Mat', NULL),
(1648, 'Steve McQueen', NULL),
(1649, ' Dustin Hoffman', NULL),
(1650, ' Victor Jory', NULL),
(1651, 'Elliott Gould', NULL),
(1652, ' Nina van Pallandt', NULL),
(1653, ' Sterling Hayden', NULL),
(1654, 'Edward Woodward', NULL),
(1655, ' Christopher Lee', NULL),
(1656, ' Diane Cilento', NULL),
(1657, 'Bruce Lee', NULL),
(1658, ' John Saxon', NULL),
(1659, ' Jim Kelly', NULL),
(1660, 'Al Pacino', NULL),
(1661, ' John Randolph', NULL),
(1662, ' Jack Kehoe', NULL),
(1663, 'Julie Christie', NULL),
(1664, ' Donald Sutherland', NULL),
(1665, ' Hilary Mason', NULL),
(1666, 'Jacqueline Bisset', NULL),
(1667, ' Jean-Pierre Léaud', NULL),
(1668, ' François Truffaut', NULL),
(1669, 'Robert De Niro', NULL),
(1670, ' Harvey Keitel', NULL),
(1671, ' David Proval', NULL),
(1672, 'Woody Allen', NULL),
(1673, ' Diane Keaton', NULL),
(1674, ' John Beck', NULL),
(1675, 'Ellen Burstyn', NULL),
(1676, ' Max von Sydow', NULL),
(1677, ' Linda Blair', NULL),
(1678, 'Orson Welles', NULL),
(1679, ' Oja Kodar', NULL),
(1680, ' François Reichenbach', NULL),
(1681, 'James Coburn', NULL),
(1682, ' Kris Kristofferson', NULL),
(1683, ' Richard Jaeckel', NULL),
(1684, 'Monique van de Ven', NULL),
(1685, ' Rutger Hauer', NULL),
(1686, ' Tonny Huurdeman', NULL),
(1687, 'Fernando Fernán Gómez', NULL),
(1688, ' Teresa Gimpera', NULL),
(1689, ' Ana Torrent', NULL),
(1690, 'Jimmy Cliff', NULL),
(1691, ' Janet Bartley', NULL),
(1692, ' Carl Bradshaw', NULL),
(1693, 'Barry Bostwick', NULL),
(1694, ' Jennifer Drake', NULL),
(1695, ' Eric Baugin', NULL),
(1696, 'Magali Noël', NULL),
(1697, ' Bruno Zanin', NULL),
(1698, ' Pupella Maggio', NULL),
(1699, 'Paul Newman', NULL),
(1700, ' Steve McQueen', NULL),
(1701, ' William Holden', NULL),
(1702, 'Warren Oates', NULL),
(1703, ' Isela Vega', NULL),
(1704, ' Robert Webber', NULL),
(1705, 'Maksim Munzuk', NULL),
(1706, ' Yuriy Solomin', NULL),
(1707, ' Mikhail Bychkov', NULL),
(1708, 'Al Pacino', NULL),
(1709, ' Robert De Niro', NULL),
(1710, ' Robert Duvall', NULL),
(1711, 'Gene Hackman', NULL),
(1712, ' John Cazale', NULL),
(1713, ' Allen Garfield', NULL);
INSERT INTO `acteurs` (`cast_actor_id`, `nom`, `personnage`) VALUES
(1714, 'Margarita Terekhova', NULL),
(1715, ' Filipp Yankovskiy', NULL),
(1716, ' Ignat Daniltsev', NULL),
(1717, 'Jack Nicholson', NULL),
(1718, ' Faye Dunaway', NULL),
(1719, ' John Huston', NULL),
(1720, 'Gena Rowlands', NULL),
(1721, ' Peter Falk', NULL),
(1722, ' Fred Draper', NULL),
(1723, 'Gene Wilder', NULL),
(1724, ' Madeline Kahn', NULL),
(1725, ' Marty Feldman', NULL),
(1726, 'Marilyn Burns', NULL),
(1727, ' Edwin Neal', NULL),
(1728, ' Allen Danziger', NULL),
(1729, 'Cleavon Little', NULL),
(1730, ' Gene Wilder', NULL),
(1731, ' Slim Pickens', NULL),
(1732, 'Juliet Berto', NULL),
(1733, ' Dominique Labourier', NULL),
(1734, ' Bulle Ogier', NULL),
(1735, 'Brigitte Mira', NULL),
(1736, ' El Hedi ben Salem', NULL),
(1737, ' Barbara Valentin', NULL),
(1738, 'Ryan O\'Neal', NULL),
(1739, ' Marisa Berenson', NULL),
(1740, ' Patrick Magee', NULL),
(1741, 'Tim Curry', NULL),
(1742, ' Susan Sarandon', NULL),
(1743, ' Barry Bostwick', NULL),
(1744, 'Delphine Seyrig', NULL),
(1745, ' Jan Decorte', NULL),
(1746, ' Henri Storck', NULL),
(1747, 'Eva Kotamanidou', NULL),
(1748, ' Vangelis Kazan', NULL),
(1749, ' Aliki Georgouli', NULL),
(1750, 'Graham Chapman', NULL),
(1751, ' John Cleese', NULL),
(1752, ' Eric Idle', NULL),
(1753, 'Amitabh Bachchan', NULL),
(1754, ' Shashi Kapoor', NULL),
(1755, ' Nirupa Roy', NULL),
(1756, 'Al Pacino', NULL),
(1757, ' John Cazale', NULL),
(1758, ' Penelope Allen', NULL),
(1759, 'Jack Nicholson', NULL),
(1760, ' Louise Fletcher', NULL),
(1761, ' Michael Berryman', NULL),
(1762, 'Hilda Koronel', NULL),
(1763, ' Bembol Roco', NULL),
(1764, ' Lou Salvador Jr.', NULL),
(1765, 'Rainer Werner Fassbinder', NULL),
(1766, ' Peter Chatel', NULL),
(1767, ' Karlheinz Böhm', NULL),
(1768, 'Keith Carradine', NULL),
(1769, ' Karen Black', NULL),
(1770, ' Ronee Blakley', NULL),
(1771, 'Paolo Bonacelli', NULL),
(1772, ' Giorgio Cataldi', NULL),
(1773, ' Uberto Paolo Quintavalle', NULL),
(1774, 'Ana Torrent', NULL),
(1775, ' Conchita Pérez', NULL),
(1776, ' Mayte Sanchez', NULL),
(1777, 'Rachel Roberts', NULL),
(1778, ' Anne-Louise Lambert', NULL),
(1779, ' Vivean Gray', NULL),
(1780, 'Delphine Seyrig', NULL),
(1781, ' Michael Lonsdale', NULL),
(1782, ' Mathieu Carrière', NULL);

-- --------------------------------------------------------

--
-- Structure de la table `films`
--

CREATE TABLE `films` (
  `film_id` int(11) NOT NULL,
  `titre` varchar(255) DEFAULT NULL,
  `annee` date DEFAULT NULL,
  `note` double DEFAULT NULL,
  `duree` int(11) DEFAULT NULL
) ENGINE=InnoDB DEFAULT CHARSET=utf8mb4;

--
-- Déchargement des données de la table `films`
--

INSERT INTO `films` (`film_id`, `titre`, `annee`, `note`, `duree`) VALUES
(1, 'A Trip to the Moon', '1902-10-04', 8.2, 13),
(2, 'The Great Train Robbery', '1903-12-07', 7.3, 11),
(3, 'The Birth of a Nation', '1915-03-21', 6.2, 195),
(4, 'Les vampires', '1916-11-23', 7.3, 421),
(5, 'Intolerance', '1917-06-15', 7.7, 163),
(6, 'The Cabinet of Dr. Caligari', '1920-02-27', 8, 67),
(7, 'Broken Blossoms', '1919-10-20', 7.2, 90),
(8, 'Within Our Gates', '1920-01-12', 6.4, 79),
(9, 'Orphans of the Storm', '1922-09-15', 7.3, 150),
(10, 'The Phantom Carriage', '1922-06-04', 8, 107),
(11, 'La souriante Madame Beudet', '1923-11-09', 6.6, 26),
(12, 'Dr. Mabuse, the Gambler', '1922-09-30', 7.8, 242),
(13, 'Nanook of the North', '1922-06-11', 7.6, 78),
(14, 'Nosferatu', '1922-05-18', 7.9, 94),
(15, 'Häxan', '1929-05-27', 7.6, 91),
(16, 'Foolish Wives', '1922-01-11', 7, 117),
(17, 'Our Hospitality', '1923-12-13', 7.8, 65),
(18, 'The Wheel', '1923-02-17', 7.5, 417),
(19, 'The Last Laugh', '1925-01-05', 8, 90),
(20, 'Sherlock Jr.', '1924-05-11', 8.2, 45),
(21, 'The Great White Silence', '1924-05-01', 8, 80),
(22, 'Greed', '1925-01-26', 8.1, 140),
(23, 'The Thief of Bagdad', '1924-04-11', 7.7, 155),
(24, 'The Eagle', '1925-11-08', 6.6, 73),
(25, 'The Phantom of the Opera', '1925-11-15', 7.5, 93),
(26, 'Battleship Potemkin', '1925-12-24', 7.9, 66),
(27, 'The Gold Rush', '1925-07-13', 8.1, 95),
(28, 'The Big Parade', '1925-12-03', 7.9, 151),
(29, 'The Adventures of Prince Achmed', '1929-06-20', 7.8, 80),
(30, 'Metropolis', '1927-03-13', 8.3, 153),
(31, 'Sunrise', '1927-11-04', 8.1, 94),
(32, 'The General', '1927-01-02', 8.1, 67),
(33, 'The Unknown', '1927-06-04', 7.7, 63),
(34, 'October (Ten Days that Shook the World)', '1928-09-24', 7.4, 95),
(35, 'The Jazz Singer', '1928-02-04', 6.4, 88),
(36, 'Napoleon', '1929-02-17', 8.2, 330),
(37, 'The Kid Brother', '1927-01-17', 7.6, 82),
(38, 'The Crowd', '1928-03-03', 8.1, 98),
(39, 'The Docks of New York', '1928-09-29', 7.5, 76),
(40, 'The Passion of Joan of Arc', '1928-10-25', 8.2, 114),
(41, 'Un chien andalou', '1929-06-06', 7.6, 16),
(42, 'Steamboat Bill, Jr.', '1928-05-20', 7.8, 70),
(43, 'Storm Over Asia', '1930-09-06', 7, 74),
(44, 'A Throw of Dice', '1930-01-04', 6.5, 74),
(45, 'Man with a Movie Camera', '1929-05-12', 8.4, 68),
(46, 'Pandora\'s Box', '1930-02-22', 7.8, 109),
(47, 'Blackmail', '1929-10-06', 6.9, 85),
(48, 'Little Caesar', '1931-01-25', 7.2, 79),
(49, 'The Blue Angel', '1930-12-05', 7.7, 104),
(50, 'All Quiet on the Western Front', '1930-08-24', 8.1, 152),
(51, 'L\'Age d\'Or', '1979-11-01', 7.2, 63),
(52, 'Earth', '1930-10-17', 7.2, 75),
(53, 'À Nous la Liberté', '1931-12-31', 7.4, 97),
(54, 'Limit', '1931-10-01', 7.1, 114),
(55, 'Tabu: A Story of the South Seas', '1931-08-01', 7.4, 86),
(56, 'City Lights', '1931-03-07', 8.5, 87),
(57, 'Dracula', '1931-02-14', 7.4, 75),
(58, 'Frankenstein', '1931-11-21', 7.8, 70),
(59, 'The Public Enemy', '1931-05-15', 7.6, 83),
(60, 'M', '1931-08-31', 8.3, 99),
(61, 'Vampyr', '1934-08-14', 7.4, 75),
(62, 'I Am a Fugitive from a Chain Gang', '1932-11-19', 8.2, 92),
(63, 'Boudu Saved from Drowning', '1967-02-23', 7.3, 85),
(64, 'Love Me Tonight', '1932-08-18', 7.5, 104),
(65, 'Shanghai Express', '1932-02-12', 7.3, 82),
(66, 'Trouble in Paradise', '1932-10-30', 8, 83),
(67, 'Scarface', '1932-04-09', 7.7, 93),
(68, 'Freaks', '1932-02-20', 7.8, 64),
(69, '42nd Street', '1933-03-11', 7.3, 89),
(70, 'Footlight Parade', '1933-10-21', 7.5, 104),
(71, 'The Bitter Tea of General Yen', '1933-01-06', 6.9, 88),
(72, 'She Done Him Wrong', '1933-02-09', 6.3, 66),
(73, 'Duck Soup', '1933-11-17', 7.8, 69),
(74, 'Zero for Conduct', '1947-06-21', 7.2, 44),
(75, 'Gold Diggers of 1933', '1933-05-27', 7.7, 97),
(76, 'King Kong', '1933-04-07', 7.9, 100),
(77, 'Las Hurdes', '1933-12-01', 7.3, 30),
(78, 'Sons of the Desert', '1933-12-29', 7.5, 68),
(79, 'Queen Christina', '1934-02-09', 7.5, 99),
(80, 'The Triumph of the Will', '1935-03-28', 7.2, 110),
(81, 'It\'s a Gift', '1934-11-30', 7.1, 68),
(82, 'It Happened One Night', '1934-02-22', 8.1, 105),
(83, 'L\'Atalante', '1947-06-21', 7.8, 89),
(84, 'The Black Cat', '1934-05-07', 6.9, 65),
(85, 'The Thin Man', '1934-05-25', 7.9, 91),
(86, 'Mutiny on the Bounty', '1936-01-12', 7.6, 132),
(87, 'The 39 Steps', '1935-07-31', 7.6, 86),
(88, 'A Night at the Opera', '1935-11-15', 7.8, 96),
(89, 'The Bride of Frankenstein', '1935-05-06', 7.8, 75),
(90, 'Captain Blood', '1935-12-28', 7.7, 119),
(91, 'Top Hat', '1935-09-06', 7.7, 101),
(92, 'Peter Ibbetson', '1935-11-07', 6.9, 85),
(93, 'Modern Times', '1936-02-25', 8.5, 87),
(94, 'Swing Time', '1936-10-12', 7.5, 103),
(95, 'Mr. Deeds Goes to Town', '1936-04-12', 7.8, 115),
(96, 'My Man Godfrey', '1936-09-06', 8, 94),
(97, 'The Story of a Cheat', '1938-09-26', 7.6, 81),
(98, 'Camille', '1937-02-24', 7.3, 109),
(99, 'Things to Come', '1936-09-14', 6.6, 100),
(100, 'Dodsworth', '1936-09-23', 7.8, 101),
(101, 'A Day in the Country', '1950-12-12', 7.5, 40),
(102, 'Pépé le Moko', '1941-03-03', 7.7, 94),
(103, 'Make Way for Tomorrow', '1937-07-22', 8.2, 91),
(104, 'The Grand Illusion', '1938-09-12', 8.1, 113),
(105, 'Stella Dallas', '1937-08-06', 7.4, 106),
(106, 'Snow White and the Seven Dwarfs', '1938-02-04', 7.6, 83),
(107, 'Captains Courageous', '1937-06-25', 7.9, 117),
(108, 'The Awful Truth', '1937-10-21', 7.7, 90),
(109, 'The Life of Emile Zola', '1937-10-02', 7.2, 116),
(110, 'Jezebel', '1938-03-26', 7.4, 104),
(111, 'The Adventures of Robin Hood', '1938-05-14', 7.9, 102),
(112, 'Angels with Dirty Faces', '1938-11-26', 7.9, 97),
(113, 'The Baker\'s Wife', '1940-02-26', 7.5, 133),
(114, 'Bringing Up Baby', '1938-02-18', 7.8, 102),
(115, 'Olympia Part One: Festival of the Nations', '1940-03-08', 7.8, 111),
(116, 'The Lady Vanishes', '1938-11-01', 7.8, 96),
(117, 'Wuthering Heights', '1939-04-07', 7.5, 104),
(118, 'Mr. Smith Goes to Washington', '1939-10-19', 8.1, 129),
(119, 'Stagecoach', '1939-03-03', 7.8, 96),
(120, 'Only Angels Have Wings', '1939-05-25', 7.6, 121),
(121, 'Destry Rides Again', '1939-12-29', 7.6, 95),
(122, 'Gone with the Wind', '1940-01-17', 8.2, 238),
(123, 'Le Jour Se Leve', '1940-07-29', 7.7, 93),
(124, 'Gunga Din', '1939-02-17', 7.2, 117),
(125, 'Ninotchka', '1939-11-23', 7.8, 110),
(126, 'The Wizard of Oz', '1939-08-25', 8.1, 102),
(127, 'The Rules of the Game', '1950-04-08', 7.9, 110),
(128, 'The Story of the Last Chrysanthemum', '1979-01-15', 7.8, 148),
(129, 'His Girl Friday', '1940-01-18', 7.8, 92),
(130, 'Fantasia', '1941-09-19', 7.7, 124),
(131, 'Rebecca', '1940-04-12', 8.1, 130),
(132, 'The Philadelphia Story', '1941-01-17', 7.9, 112),
(133, 'The Grapes of Wrath', '1940-03-15', 8.1, 129),
(134, 'The Mortal Storm', '1940-06-14', 7.7, 100),
(135, 'The Bank Dick', '1940-11-29', 7.1, 72),
(136, 'Pinocchio', '1940-02-23', 7.5, 88),
(137, 'Citizen Kane', '1941-09-05', 8.3, 119),
(138, 'Sergeant York', '1941-09-27', 7.7, 134),
(139, 'The Lady Eve', '1941-03-21', 7.7, 94),
(140, 'The Wolf Man', '1941-12-12', 7.2, 70),
(141, 'High Sierra', '1941-01-25', 7.5, 100),
(142, 'How Green Was My Valley', '1942-04-09', 7.7, 118),
(143, 'Sullivan\'s Travels', '1942-02-06', 7.9, 90),
(144, 'The Maltese Falcon', '1941-10-18', 8, 100),
(145, 'Dumbo', '1941-10-31', 7.2, 64),
(146, 'The Palm Beach Story', '1943-01-01', 7.5, 88),
(147, 'Now, Voyager', '1942-10-31', 7.9, 117),
(148, 'To Be or Not to Be', '1942-03-06', 8.2, 99),
(149, 'The Magnificent Ambersons', '1942-07-10', 7.6, 88),
(150, 'Yankee Doodle Dandy', '1942-06-06', 7.6, 126),
(151, 'Mrs. Miniver', '1942-12-01', 7.6, 134),
(152, 'Casablanca', '1943-01-23', 8.5, 102),
(153, 'Cat People', '1942-12-25', 7.2, 73),
(154, 'Fires Were Started', '1943-04-12', 6.5, 63),
(155, 'The Ox-Bow Incident', '1943-05-21', 8, 75),
(156, 'The Life and Death of Colonel Blimp', '1944-08-30', 8, 163),
(157, 'The Seventh Victim', '1943-08-21', 6.7, 71),
(158, 'The Man in Grey', '1946-03-13', 6.5, 90),
(159, 'Shadow of a Doubt', '1943-01-15', 7.8, 108),
(160, 'Obsession', '1949-05-24', 7.6, 140),
(161, 'Laura', '1944-11-01', 7.9, 88),
(162, 'Meet Me in St. Louis', '1945-01-01', 7.5, 113),
(163, 'To Have and Have Not', '1945-01-20', 7.8, 100),
(164, 'Gaslight', '1944-06-16', 7.8, 114),
(165, 'Henry V', '1945-10-28', 7, 137),
(166, 'Double Indemnity', '1944-07-06', 8.3, 107),
(167, 'Murder, My Sweet', '1945-02-22', 7.5, 95),
(168, 'Ivan the Terrible, Part I', '1947-03-08', 7.7, 95),
(169, 'Mildred Pierce', '1945-10-20', 7.9, 111),
(170, 'Detour', '1946-01-25', 7.3, 66),
(171, 'I Know Where I\'m Going!', '1947-08-09', 7.5, 92),
(172, 'The Lost Weekend', '1946-01-01', 7.9, 101),
(173, 'Children of Paradise', '1946-11-15', 8.3, 189),
(174, 'San Pietro', '1945-05-03', 6.6, 32),
(175, 'Brief Encounter', '1946-08-24', 8, 86),
(176, 'Rome, Open City', '1945-10-08', 8, 103),
(177, 'The Best Years of Our Lives', '1947-05-29', 8.1, 170),
(178, 'Paisan', '1948-03-29', 7.6, 120),
(179, 'The Postman Always Rings Twice', '1946-09-06', 7.4, 113),
(180, 'Beauty and the Beast', '1947-12-23', 7.9, 93),
(181, 'The Killers', '1946-08-30', 7.7, 103),
(182, 'It\'s a Wonderful Life', '1947-01-07', 8.6, 130),
(183, 'The Big Sleep', '1946-08-31', 7.9, 114),
(184, 'Gilda', '1946-04-25', 7.6, 110),
(185, 'Stairway to Heaven', '1947-03-01', 8, 104),
(186, 'Great Expectations', '1947-05-22', 7.8, 118),
(187, 'My Darling Clementine', '1946-11-01', 7.7, 97),
(188, 'Notorious', '1946-09-06', 7.9, 102),
(189, 'Black Narcissus', '1947-12-01', 7.7, 101),
(190, 'Out of the Past', '1947-12-01', 8, 97),
(191, 'Monsieur Verdoux', '1947-10-23', 7.8, 124),
(192, 'Odd Man Out', '1947-04-23', 7.6, 116),
(193, 'Bicycle Thieves', '1949-12-13', 8.3, 89),
(194, 'Letter from an Unknown Woman', '1948-07-09', 7.9, 87),
(195, 'Secret Beyond the Door...', '1948-03-04', 6.7, 99),
(196, 'Force of Evil', '1949-03-01', 7.2, 79),
(197, 'Spring in a Small Town', '1993-11-10', 7.3, 98),
(198, 'Red River', '1948-09-17', 7.8, 133),
(199, 'The Paleface', '1948-12-17', 6.6, 91),
(200, 'The Snake Pit', '1948-11-13', 7.6, 108),
(201, 'The Lady from Shanghai', '1948-04-14', 7.5, 87),
(202, 'Rope', '1948-09-25', 7.9, 80),
(203, 'The Red Shoes', '1948-09-20', 8.1, 135),
(204, 'The Treasure of the Sierra Madre', '1948-01-24', 8.2, 126),
(205, 'Louisiana Story', '1948-10-28', 6.5, 78),
(206, 'Gun Crazy', '1950-01-20', 7.6, 87),
(207, 'The Reckless Moment', '1949-12-09', 7.1, 82),
(208, 'White Heat', '1949-09-03', 8.1, 114),
(209, 'Adam\'s Rib', '1949-11-17', 7.5, 101),
(210, 'The Heiress', '1949-12-28', 8.1, 115),
(211, 'The Third Man', '1949-09-03', 8.1, 93),
(212, 'Kind Hearts and Coronets', '1950-06-14', 8, 106),
(213, 'Whisky Galore!', '1949-12-25', 7.1, 82),
(214, 'On the Town', '1949-12-30', 7.3, 98),
(215, 'Orpheus', '1950-11-29', 7.9, 112),
(216, 'The Asphalt Jungle', '1950-05-12', 7.8, 112),
(217, 'Rashomon', '1951-12-26', 8.2, 88),
(218, 'All About Eve', '1950-10-27', 8.2, 138),
(219, 'Winchester \'73', '1950-07-12', 7.6, 92),
(220, 'Rio Grande', '1950-11-15', 7, 105),
(221, 'Sunset Blvd.', '1950-08-04', 8.4, 110),
(222, 'The Young and the Damned', '1952-03-24', 8.3, 80),
(223, 'In a Lonely Place', '1950-08-01', 7.9, 94),
(224, 'Ace in the Hole', '1951-07-04', 8.1, 111),
(225, 'Strangers on a Train', '1951-06-30', 7.9, 101),
(226, 'A Streetcar Named Desire', '1951-09-19', 7.9, 122),
(227, 'An American in Paris', '1951-11-11', 7.2, 114),
(228, 'Pandora and the Flying Dutchman', '1951-10-15', 6.9, 124),
(229, 'The African Queen', '1952-03-21', 7.7, 105),
(230, 'A Place in the Sun', '1951-11-09', 7.7, 122),
(231, 'The Lavender Hill Mob', '1951-09-10', 7.5, 78),
(232, 'Diary of a Country Priest', '1954-04-05', 7.8, 95),
(233, 'The Day the Earth Stood Still', '1951-09-20', 7.8, 92),
(234, 'The Quiet Man', '1952-09-14', 7.7, 129),
(235, 'Forbidden Games', '1952-12-08', 8, 86),
(236, 'Europe \'51', '1954-11-03', 7.4, 118),
(237, 'Singin\' in the Rain', '1952-04-10', 8.3, 103),
(238, 'The Bad and the Beautiful', '1953-02-09', 7.8, 118),
(239, 'Ikiru', '1956-03-25', 8.3, 143),
(240, 'Umberto D.', '1955-11-07', 8.2, 89),
(241, 'High Noon', '1952-07-30', 8, 85),
(242, 'The Golden Coach', '1954-01-05', 7, 103),
(243, 'Summer with Monika', '1953-02-09', 7.5, 96),
(244, 'Pickup on South Street', '1953-07-03', 7.6, 80),
(245, 'The Band Wagon', '1953-08-07', 7.4, 112),
(246, 'Monsieur Hulot\'s Holiday', '1954-06-16', 7.3, 83),
(247, 'The Earrings of Madame De...', '1954-07-19', 7.9, 105),
(248, 'The Wages of Fear', '1955-02-16', 8.2, 131),
(249, 'The Bigamist', '1953-12-03', 6.8, 80),
(250, 'The Naked Spur', '1953-02-01', 7.3, 91),
(251, 'Tokyo Story', '1972-03-13', 8.2, 136),
(252, 'From Here to Eternity', '1953-08-28', 7.6, 118),
(253, 'Ugetsu', '1954-09-07', 8.2, 96),
(254, 'Journey to Italy', '1954-09-08', 7.3, 97),
(255, 'Shane', '1953-08-14', 7.6, 118),
(256, 'Gentlemen Prefer Blondes', '1953-08-01', 7.1, 91),
(257, 'Roman Holiday', '1953-09-02', 8, 118),
(258, 'The Big Heat', '1953-12-06', 7.9, 89),
(259, 'On the Waterfront', '1954-06-22', 8.1, 108),
(260, 'La strada', '1956-07-16', 8, 108),
(261, 'Diabolique', '1955-11-21', 8.1, 117),
(262, 'A Star Is Born', '1954-10-16', 7.5, 154),
(263, 'Rear Window', '1954-09-01', 8.5, 112),
(264, 'Senso', '1968-07-08', 7.4, 123),
(265, 'Silver Lode', '1954-07-23', 6.8, 81),
(266, 'The Barefoot Contessa', '1954-09-30', 6.9, 128),
(267, 'Seven Samurai', '1956-11-19', 8.6, 207),
(268, 'Carmen Jones', '1954-10-28', 6.8, 105),
(269, 'Johnny Guitar', '1954-08-23', 7.6, 110),
(270, 'Salt of the Earth', '1954-10-20', 7.4, 94),
(271, 'Lola Montès', '1955-12-23', 7.2, 116),
(272, 'Pather Panchali', '1955-08-26', 8.2, 125),
(273, 'Ordet', '1955-01-10', 8.3, 126),
(274, 'Marty', '1955-06-10', 0, 90),
(275, 'Artists and Models', '1955-11-07', 6.5, 109),
(276, 'Rebel Without a Cause', '1955-10-27', 7.6, 111),
(277, 'The Mad Masters', '1973-06-17', 6.6, 36),
(278, 'Hill 24 Doesn\'t Answer', '1955-11-02', 5.8, 101),
(279, 'Bad Day at Black Rock', '1955-02-13', 7.7, 81),
(280, 'Night and Fog', '1956-01-01', 8.6, 32),
(281, 'The Phenix City Story', '1955-07-19', 7.2, 100),
(282, 'The Man with the Golden Arm', '1956-01-16', 7.3, 119),
(283, 'Kiss Me Deadly', '1955-04-28', 7.5, 106),
(284, 'Guys and Dolls', '1955-12-23', 7.1, 150),
(285, 'The Night of the Hunter', '1955-07-27', 8, 92),
(286, 'The Ladykillers', '1956-02-03', 7.6, 91),
(287, 'Oklahoma!', '1956-11-16', 7, 145),
(288, 'Smiles of a Summer Night', '1957-12-23', 7.7, 109),
(289, 'All That Heaven Allows', '1955-12-25', 7.6, 89),
(290, 'The Ten Commandments', '1956-10-05', 7.9, 220),
(291, 'The Searchers', '1956-05-26', 7.9, 119),
(292, 'The Burmese Harp', '1967-04-28', 8, 116),
(293, 'Forbidden Planet', '1958-06-13', 7.5, 98),
(294, 'Written on the Wind', '1956-12-25', 7.4, 99),
(295, 'A Man Escaped', '1957-08-26', 8.2, 101),
(296, 'Bigger Than Life', '1956-09-05', 7.4, 95),
(297, 'Invasion of the Body Snatchers', '1956-02-05', 7.7, 80),
(298, 'Giant', '1956-11-24', 7.6, 201),
(299, 'The Wrong Man', '1957-01-26', 7.4, 105),
(300, 'High Society', '1956-07-17', 6.9, 111),
(301, 'Throne of Blood', '1961-11-22', 8.1, 110),
(302, 'Paths of Glory', '1957-12-25', 8.4, 88),
(303, 'An Affair to Remember', '1957-07-19', 7.4, 115),
(304, 'The Seventh Seal', '1958-10-13', 8.1, 96),
(305, '12 Angry Men', '1957-04-10', 9, 96),
(306, 'Wild Strawberries', '1959-06-22', 8.1, 91),
(307, 'The Incredible Shrinking Man', '1957-04-10', 7.6, 81),
(308, 'Gunfight at the O.K. Corral', '1957-05-30', 7.1, 122),
(309, 'Nights of Cabiria', '1957-10-16', 8.1, 110),
(310, 'The Cranes Are Flying', '1960-03-21', 8.3, 95),
(311, 'Aparajito', '1956-10-11', 8.3, 110),
(312, 'The Bridge on the River Kwai', '1957-12-14', 8.1, 161),
(313, 'Sweet Smell of Success', '1957-07-04', 8, 96),
(314, 'Mother India', '1957-10-25', 7.8, 172),
(315, 'Touch of Evil', '1958-04-23', 8, 95),
(316, 'Gigi', '1958-06-25', 6.6, 115),
(317, 'The Defiant Ones', '1958-09-27', 7.6, 96),
(318, 'Man of the West', '1958-10-10', 7.1, 100),
(319, 'Vertigo', '1958-05-22', 8.3, 128),
(320, 'Ashes and Diamonds', '1961-05-29', 7.8, 103),
(321, 'Cairo Station', '1958-01-20', 7.5, 77),
(322, 'The Music Room', '1958-10-10', 7.9, 95),
(323, 'Mon Oncle', '1958-11-03', 7.7, 116),
(324, 'Some Came Running', '1958-12-25', 7.3, 137),
(325, 'Horror of Dracula', '1958-06-16', 7.2, 82),
(326, 'Some Like It Hot', '1959-03-19', 8.2, 121),
(327, 'North by Northwest', '1959-12-18', 8.3, 136),
(328, 'The 400 Blows', '1959-11-16', 8.1, 99),
(329, 'Pickpocket', '1959-12-16', 7.6, 76),
(330, 'Hiroshima Mon Amour', '1960-05-16', 7.9, 90),
(331, 'Ride Lonesome', '1959-02-15', 7.1, 73),
(332, 'Black Orpheus', '1959-12-21', 7.4, 100),
(333, 'Ben-Hur', '1959-11-18', 8.1, 212),
(334, 'Anatomy of a Murder', '1959-07-13', 8, 161),
(335, 'Shadows', '1960-10-14', 7.2, 87),
(336, 'The World of Apu', '1960-10-04', 8.5, 105),
(337, 'Rio Bravo', '1959-04-04', 8, 141),
(338, 'Floating Weeds', '1970-11-24', 7.9, 119),
(339, 'Eyes Without a Face', '1962-10-24', 7.6, 90),
(340, 'Saturday Night and Sunday Morning', '1961-04-03', 7.5, 89),
(341, 'La Dolce Vita', '1961-04-19', 8, 174),
(342, 'Le Trou', '1997-02-14', 8.5, 131),
(343, 'Rocco and His Brothers', '1961-03-10', 8.2, 179),
(344, 'L\'Avventura', '1961-03-04', 7.8, 144),
(345, 'Breathless', '1961-02-07', 7.7, 90),
(346, 'Spartacus', '1960-11-17', 7.9, 197),
(347, 'The Apartment', '1960-06-29', 8.3, 125),
(348, 'The Housemaid', '1960-11-03', 7.3, 109),
(349, 'The Cloud-Capped Star', '1960-04-14', 7.9, 126),
(350, 'Psycho', '1960-09-08', 8.5, 109),
(351, 'Shoot the Piano Player', '1962-07-23', 7.4, 92),
(352, 'Peeping Tom', '1960-05-16', 7.6, 101),
(353, 'Black Sunday', '1961-02-15', 7.1, 87),
(354, 'Splendor in the Grass', '1961-10-20', 7.7, 124),
(355, 'Viridiana', '1962-03-19', 8.1, 91),
(356, 'La Jetée', '1962-02-16', 8.2, 28),
(357, 'Breakfast at Tiffany\'s', '1961-10-06', 7.6, 115),
(358, 'Lola', '1962-10-14', 7.5, 90),
(359, 'The Exiles', '1961-07-13', 6.7, 72),
(360, 'La Notte', '1962-02-19', 8, 122),
(361, 'West Side Story', '1961-12-23', 7.6, 153),
(362, 'The Hustler', '1961-09-25', 8, 134),
(363, 'The Ladies Man', '1961-08-01', 6.3, 95),
(364, 'Through a Glass Darkly', '1961-10-16', 8, 90),
(365, 'Chronicle of a Summer', '1961-10-20', 7.5, 85),
(366, 'Last Year at Marienbad', '1962-03-07', 7.7, 94),
(367, 'Cléo from 5 to 7', '1962-04-11', 7.9, 90),
(368, 'Dog Star Man: Part I', '2004-03-09', 6.1, 30),
(369, 'Vivre Sa Vie', '1962-09-20', 7.8, 85),
(370, 'Lolita', '1962-06-21', 7.5, 153),
(371, 'The Man Who Shot Liberty Valance', '1962-04-22', 8.1, 123),
(372, 'Lawrence of Arabia', '1962-12-11', 8.3, 218),
(373, 'To Kill a Mockingbird', '1963-03-16', 8.3, 129),
(374, 'The Given Word', '1962-04-17', 8.3, 98),
(375, 'L\'Eclisse', '1962-12-20', 7.7, 126),
(376, 'A Dog\'s Life', '1962-03-30', 6.2, 108),
(377, 'The Exterminating Angel', '1967-08-21', 8, 95),
(378, 'Jules and Jim', '1962-01-23', 7.7, 105),
(379, 'The Manchurian Candidate', '1962-10-24', 7.9, 126),
(380, 'What Ever Happened to Baby Jane?', '1962-10-31', 8, 134),
(381, '8½', '1963-06-24', 8, 138),
(382, 'The Birds', '1963-03-29', 7.6, 119),
(383, 'Passenger', '1963-09-20', 7.4, 62),
(384, 'The Servant', '1964-03-16', 7.8, 116),
(385, 'Flaming Creatures', '1963-04-29', 4.6, 45),
(386, 'The House Is Black', '2008-02-24', 7.8, 20),
(387, 'Hud', '1963-05-29', 7.8, 112),
(388, 'The Leopard', '1963-03-29', 8, 186),
(389, 'Barren Lives', '1967-12-11', 7.5, 103),
(390, 'Shock Corridor', '1963-09-25', 7.3, 101),
(391, 'Contempt', '1964-12-18', 7.5, 102),
(392, 'Blonde Cobra', '1988-02-17', 3, 33),
(393, 'The Cool World', '1964-11-02', 6.5, 105),
(394, 'The Nutty Professor', '1963-06-07', 6.6, 107),
(395, 'The Great Escape', '1963-07-04', 8.2, 172),
(396, 'Mediterranean', '1998-11-13', 5.9, 44),
(397, 'An Actor\'s Revenge', '1971-06-16', 7.4, 115),
(398, 'The Haunting', '1963-08-22', 7.4, 112),
(399, 'Goldfinger', '1965-01-09', 7.7, 110),
(400, 'My Fair Lady', '1964-12-25', 7.8, 170),
(401, 'Red Desert', '1965-02-08', 7.5, 117),
(402, 'Woman in the Dunes', '1964-10-25', 8.5, 147),
(403, 'Shadows of Forgotten Ancestors', '1965-09-04', 7.8, 97),
(404, 'Scorpio Rising', '1969-10-10', 6.8, 28),
(405, 'Marnie', '1964-07-17', 7.1, 130),
(406, 'The Masque of the Red Death', '1964-10-30', 6.9, 89),
(407, 'Before the Revolution', '1965-09-10', 6.8, 105),
(408, 'Dr. Strangelove or: How I Learned to Stop Worrying and Love the Bomb', '1964-01-29', 8.4, 95),
(409, 'Black God, White Devil', '1964-07-10', 7.2, 120),
(410, 'A Hard Day\'s Night', '1964-07-07', 7.5, 87),
(411, 'The Umbrellas of Cherbourg', '1964-12-16', 7.8, 91),
(412, 'Gertrud', '1966-06-02', 7.3, 116),
(413, 'Mary Poppins', '1965-06-18', 7.8, 139),
(414, 'Onibaba', '1965-02-04', 7.9, 103),
(415, 'The Gospel According to St. Matthew', '1965-03-03', 7.7, 137),
(416, 'The Shop on Main Street', '1966-01-24', 8.2, 128),
(417, 'Doctor Zhivago', '1965-12-31', 7.9, 197),
(418, 'The War Game', '1967-11-01', 8, 48),
(419, 'Tokyo Olympiad', '1965-03-20', 7.8, 170),
(420, 'Juliet of the Spirits', '1965-11-03', 7.5, 137),
(421, 'The Battle of Algiers', '1967-09-20', 8.1, 121),
(422, 'The Sound of Music', '1965-04-01', 8.1, 172),
(423, 'The Man Who Had His Hair Cut Short', '1966-09-05', 6.7, 94),
(424, 'Alphaville', '1965-05-05', 7, 99),
(425, 'Chimes at Midnight', '1967-03-17', 7.7, 115),
(426, 'Faster, Pussycat! Kill! Kill!', '1965-08-06', 6.6, 83),
(427, 'Vinyl', '1965-06-04', 4.3, 70),
(428, 'The Saragossa Manuscript', '1965-02-09', 7.8, 182),
(429, 'Repulsion', '1965-10-03', 7.6, 105),
(430, 'Pierrot le Fou', '1969-01-08', 7.5, 110),
(431, 'Subarnarekha', '1965-10-01', 7.4, 143),
(432, 'Hold Me While I\'m Naked', '1973-04-07', 5.3, 17),
(433, 'Who\'s Afraid of Virginia Woolf?', '1966-06-22', 8, 131),
(434, 'Blow-Up', '1967-09-26', 7.5, 111),
(435, 'Daisies', '1966-12-30', 7.3, 74),
(436, 'Come Drink with Me', '1966-04-07', 6.9, 95),
(437, 'Seconds', '1966-10-02', 7.6, 106),
(438, 'The Good, the Bad and the Ugly', '1967-12-29', 8.8, 178),
(439, 'Persona', '1967-03-16', 8.1, 83),
(440, 'Au hasard Balthazar', '1966-05-25', 7.8, 95),
(441, 'Masculine Feminine', '1966-03-22', 7.4, 103),
(442, '2 or 3 Things I Know About Her', '1967-03-17', 6.6, 87),
(443, 'Belle de Jour', '1968-04-10', 7.7, 100),
(444, 'Cool Hand Luke', '1967-11-01', 8.1, 127),
(445, 'Playtime', '1973-06-27', 7.8, 155),
(446, 'The Red and the White', '1968-09-20', 7.6, 90),
(447, 'The Graduate', '1967-12-21', 8, 106),
(448, 'Point Blank', '1967-08-31', 7.3, 92),
(449, 'The Young Girls of Rochefort', '1968-04-11', 7.7, 125),
(450, 'Le Samouraï', '1967-10-25', 8, 101),
(451, 'Wavelength', '1967-03-17', 5.4, 43),
(452, 'Closely Watched Trains', '1966-11-18', 7.6, 92),
(453, 'Entranced Earth', '1967-05-02', 7.3, 111),
(454, 'In the Heat of the Night', '1967-08-02', 7.9, 110),
(455, 'Marketa Lazarová', '1967-11-24', 7.9, 162),
(456, 'The Firemen\'s Ball', '1968-09-29', 7.4, 73),
(457, 'The Jungle Book', '1967-10-18', 7.6, 78),
(458, 'Bonnie and Clyde', '1967-08-14', 7.7, 111),
(459, 'Viy', '1967-11-27', 7.2, 77),
(460, 'The Cow', '1974-12-01', 7.9, 104),
(461, 'Once Upon a Time in the West', '1969-07-04', 8.5, 165),
(462, 'Faces', '1968-10-17', 7.4, 130),
(463, 'Planet of the Apes', '1968-04-03', 8, 112),
(464, 'Rosemary\'s Baby', '1968-06-12', 8, 137),
(465, 'If....', '1969-05-21', 7.4, 111),
(466, 'David Holzman\'s Diary', '1975-01-29', 6.5, 74),
(467, 'Memories of Underdevelopment', '1973-05-17', 7.6, 97),
(468, 'High School', '1968-11-13', 7.6, 75),
(469, 'Hour of the Wolf', '1968-04-09', 7.5, 90),
(470, '2001: A Space Odyssey', '1970-06-24', 8.3, 149),
(471, 'Night of the Living Dead', '1968-10-04', 7.8, 96),
(472, 'Targets', '1968-08-15', 7.3, 90),
(473, 'Shame', '1968-12-23', 8, 103),
(474, 'The Producers', '1968-11-10', 7.5, 88),
(475, 'Z', '1969-12-08', 8.2, 127),
(476, 'Fellini Satyricon', '1970-03-11', 6.8, 129),
(477, 'Andrei Rublev', '1973-10-01', 8.1, 205),
(478, 'The Color of Pomegranates', '1982-01-27', 7.6, 79),
(479, 'Midnight Cowboy', '1969-05-25', 7.8, 113),
(480, 'Butch Cassidy and the Sundance Kid', '1969-09-24', 8, 110),
(481, 'A Touch of Zen', '1971-11-18', 7.5, 200),
(482, 'Easy Rider', '1969-06-26', 7.3, 95),
(483, 'Kes', '1970-04-03', 7.9, 111),
(484, 'Lucia', '1968-10-01', 7.1, 160),
(485, 'In the Year of the Pig', '1969-02-26', 7.4, 103),
(486, 'The Wild Bunch', '1969-06-19', 7.9, 135),
(487, 'My Night at Maud\'s', '1970-03-22', 7.8, 105),
(488, 'Tristana', '1970-03-29', 7.4, 99),
(489, 'The Conformist', '1971-03-21', 7.9, 113),
(490, 'Le Boucher', '1971-12-19', 7.3, 93),
(491, 'El Topo', '1971-04-15', 7.2, 125),
(492, 'Five Easy Pieces', '1970-09-12', 7.4, 98),
(493, 'Deep End', '1971-03-18', 7.2, 88),
(494, 'The Spider\'s Stratagem', '1973-03-27', 6.9, 100),
(495, 'The Ear', '1990-10-18', 7.7, 94),
(496, 'Little Big Man', '1970-12-23', 7.5, 139),
(497, 'Patton', '1970-04-02', 7.9, 172),
(498, 'The Bird with the Crystal Plumage', '1970-06-12', 7.1, 96),
(499, 'M*A*S*H', '1970-03-18', 7.4, 116),
(500, 'Zabriskie Point', '1970-03-26', 6.9, 113),
(501, 'Performance', '1970-09-04', 6.7, 105),
(502, 'Woodstock', '1970-03-26', 8.1, 184),
(503, 'Gimme Shelter', '1970-12-13', 7.8, 91),
(504, 'The Garden of the Finzi-Continis', '1971-12-16', 7.3, 94),
(505, 'Dirty Harry', '1971-12-23', 7.7, 102),
(506, 'A Clockwork Orange', '1972-02-02', 8.3, 136),
(507, 'McCabe & Mrs. Miller', '1972-06-23', 7.6, 120),
(508, 'The Sorrow and the Pity', '1972-03-25', 8.2, 251),
(509, 'Willy Wonka & the Chocolate Factory', '1971-06-30', 7.8, 100),
(510, 'The Devils', '1971-07-16', 7.8, 111),
(511, 'The Hired Hand', '1971-07-17', 6.9, 90),
(512, 'WR: Mysteries of the Organism', '1971-05-10', 6.7, 84),
(513, 'Walkabout', '1971-07-01', 7.6, 100),
(514, 'Klute', '1971-06-25', 7.1, 114),
(515, 'Harold and Maude', '1971-12-20', 7.9, 91),
(516, 'The French Connection', '1971-10-09', 7.7, 104),
(517, 'Red Psalm', '1972-03-09', 6.8, 87),
(518, 'Get Carter', '1971-03-18', 7.3, 112),
(519, 'Shaft', '1971-07-02', 6.6, 100),
(520, 'Sweet Sweetback\'s Baadasssss Song', '1973-03-22', 5.5, 97),
(521, 'The Last Picture Show', '1971-10-22', 8, 118),
(522, 'Wanda', '1971-01-14', 7.1, 102),
(523, 'Murmur of the Heart', '1971-10-17', 7.6, 118),
(524, 'Straw Dogs', '1971-12-22', 7.4, 113),
(525, 'Two-Lane Blacktop', '1972-10-28', 7.2, 102),
(526, 'Wake in Fright', '1971-10-09', 7.6, 109),
(527, 'Deliverance', '1972-08-18', 7.7, 109),
(528, 'Aguirre, the Wrath of God', '1977-04-03', 7.8, 95),
(529, 'Cabaret', '1972-02-13', 7.8, 124),
(530, 'Solaris', '1972-09-26', 8, 167),
(531, 'Cries & Whispers', '1973-03-05', 8, 91),
(532, 'The Discreet Charm of the Bourgeoisie', '1972-10-22', 7.8, 102),
(533, 'The Godfather', '1972-03-24', 9.2, 175),
(534, 'Last Tango in Paris', '1973-02-07', 6.9, 129),
(535, 'The Bitter Tears of Petra von Kant', '1972-10-05', 7.6, 124),
(536, 'Fat City', '1972-07-26', 7.3, 96),
(537, 'The Heartbreak Kid', '1972-12-22', 7, 106),
(538, 'Frenzy', '1972-06-21', 7.4, 116),
(539, 'Pink Flamingos', '1976-03-31', 6, 93),
(540, 'Sleuth', '1972-12-11', 8, 138),
(541, 'Super Fly', '1972-08-04', 6.4, 91),
(542, 'The Sting', '1973-12-25', 8.3, 129),
(543, 'The Mother and the Whore', '1973-05-17', 7.8, 210),
(544, 'High Plains Drifter', '1973-04-07', 7.4, 105),
(545, 'Badlands', '1974-01-05', 7.7, 94),
(546, 'American Graffiti', '1973-08-11', 7.4, 110),
(547, 'Papillon', '1973-12-19', 8, 151),
(548, 'The Long Goodbye', '1973-03-08', 7.6, 112),
(549, 'The Wicker Man', '1974-08-07', 7.5, 88),
(550, 'Enter the Dragon', '1973-08-19', 7.6, 102),
(551, 'Serpico', '1973-12-05', 7.7, 130),
(552, 'Don\'t Look Now', '1974-01-01', 7.2, 110),
(553, 'Day for Night', '1973-09-07', 8, 116),
(554, 'Mean Streets', '1973-10-14', 7.2, 112),
(555, 'Sleeper', '1973-12-17', 7.1, 89),
(556, 'The Exorcist', '1973-12-26', 8.1, 122),
(557, 'F for Fake', '1975-03-12', 7.7, 89),
(558, 'Pat Garrett & Billy the Kid', '1973-05-23', 7.2, 122),
(559, 'Turkish Delight', '1974-09-27', 7.1, 108),
(560, 'The Spirit of the Beehive', '1975-03-14', 7.8, 98),
(561, 'The Harder They Come', '1976-04-14', 6.9, 120),
(562, 'Fantastic Planet', '1973-12-01', 7.7, 72),
(563, 'I Remember', '1974-09-19', 7.9, 123),
(564, 'The Towering Inferno', '1974-12-14', 7, 165),
(565, 'Bring Me the Head of Alfredo Garcia', '1974-08-07', 7.4, 112),
(566, 'Dersu Uzala', '1977-12-20', 8.2, 142),
(567, 'The Godfather Part II', '1974-12-18', 9, 202),
(568, 'The Conversation', '1974-04-12', 7.8, 113),
(569, 'Mirror', '1975-03-07', 8, 107),
(570, 'Chinatown', '1974-06-20', 8.2, 130),
(571, 'A Woman Under the Influence', '1974-11-18', 8.1, 155),
(572, 'Young Frankenstein', '1974-12-15', 8, 106),
(573, 'The Texas Chain Saw Massacre', '1974-10-11', 7.4, 83),
(574, 'Blazing Saddles', '1974-02-07', 7.7, 93),
(575, 'Celine and Julie Go Boating', '1974-09-18', 7.3, 193),
(576, 'Ali: Fear Eats the Soul', '1974-10-31', 8, 92),
(577, 'Barry Lyndon', '1975-12-18', 8.1, 185),
(578, 'The Rocky Horror Picture Show', '1975-08-31', 7.4, 100),
(579, 'Jeanne Dielman, 23, quai du commerce, 1080 Bruxelles', '1976-01-21', 7.6, 202),
(580, 'The Travelling Players', '1975-10-13', 7.9, 230),
(581, 'Monty Python and the Holy Grail', '1975-05-25', 8.2, 91),
(582, 'Deewaar', '1979-05-01', 8, 174),
(583, 'Dog Day Afternoon', '1975-12-25', 8, 125),
(584, 'One Flew Over the Cuckoo\'s Nest', '1975-11-19', 8.7, 133),
(585, 'Manila in the Claws of Light', '1975-07-16', 7.8, 125),
(586, 'Fox and His Friends', '1976-02-02', 7.6, 123),
(587, 'Nashville', '1975-07-01', 7.6, 160),
(588, 'Salò, or the 120 Days of Sodom', '1976-01-10', 5.8, 117),
(589, 'Cría Cuervos', '1977-05-18', 7.9, 105),
(590, 'Picnic at Hanging Rock', '1979-02-02', 7.4, 115),
(591, 'India Song', '1975-06-04', 6.2, 120);

-- --------------------------------------------------------

--
-- Structure de la table `film_acteurs`
--

CREATE TABLE `film_acteurs` (
  `film_id` int(11) NOT NULL,
  `cast_actor_id` int(11) NOT NULL
) ENGINE=InnoDB DEFAULT CHARSET=utf8mb4;

--
-- Déchargement des données de la table `film_acteurs`
--

INSERT INTO `film_acteurs` (`film_id`, `cast_actor_id`) VALUES
(1, 1),
(1, 2),
(1, 3),
(2, 4),
(2, 5),
(2, 6),
(3, 7),
(3, 8),
(3, 9),
(4, 10),
(4, 11),
(4, 12),
(5, 13),
(5, 14),
(5, 15),
(6, 16),
(6, 17),
(6, 18),
(7, 19),
(7, 20),
(7, 21),
(8, 22),
(8, 23),
(8, 24),
(9, 25),
(9, 26),
(9, 27),
(10, 28),
(10, 29),
(10, 30),
(11, 31),
(11, 32),
(11, 33),
(12, 34),
(12, 35),
(12, 36),
(13, 37),
(13, 38),
(13, 39),
(14, 40),
(14, 41),
(14, 42),
(15, 43),
(15, 44),
(15, 45),
(16, 46),
(16, 47),
(16, 48),
(17, 49),
(17, 50),
(17, 51),
(18, 52),
(18, 53),
(18, 54),
(19, 55),
(19, 56),
(19, 57),
(20, 61),
(20, 62),
(20, 63),
(21, 64),
(21, 65),
(21, 66),
(22, 67),
(22, 68),
(22, 69),
(23, 70),
(23, 71),
(23, 72),
(24, 73),
(24, 74),
(24, 75),
(25, 76),
(25, 77),
(25, 78),
(26, 79),
(26, 80),
(26, 81),
(27, 82),
(27, 83),
(27, 84),
(28, 85),
(28, 86),
(28, 87),
(29, 88),
(30, 89),
(30, 90),
(30, 91),
(31, 92),
(31, 93),
(31, 94),
(32, 95),
(32, 96),
(32, 97),
(33, 98),
(33, 99),
(33, 100),
(34, 101),
(34, 102),
(34, 103),
(35, 104),
(35, 105),
(35, 106),
(36, 107),
(36, 108),
(36, 109),
(37, 110),
(37, 111),
(37, 112),
(38, 113),
(38, 114),
(38, 115),
(39, 116),
(39, 117),
(39, 118),
(40, 119),
(40, 120),
(40, 121),
(41, 122),
(41, 123),
(41, 124),
(42, 125),
(42, 126),
(42, 127),
(43, 128),
(43, 129),
(43, 130),
(44, 131),
(44, 132),
(44, 133),
(45, 134),
(45, 135),
(46, 136),
(46, 137),
(46, 138),
(47, 139),
(47, 140),
(47, 141),
(48, 142),
(48, 143),
(48, 144),
(49, 145),
(49, 146),
(49, 147),
(50, 148),
(50, 149),
(50, 150),
(51, 151),
(51, 152),
(51, 153),
(52, 154),
(52, 155),
(52, 156),
(53, 157),
(53, 158),
(53, 159),
(54, 160),
(54, 161),
(54, 162),
(55, 163),
(55, 164),
(55, 165),
(56, 166),
(56, 167),
(56, 168),
(57, 169),
(57, 170),
(57, 171),
(58, 172),
(58, 173),
(58, 174),
(59, 175),
(59, 176),
(59, 177),
(60, 178),
(60, 179),
(60, 180),
(61, 181),
(61, 182),
(61, 183),
(62, 184),
(62, 185),
(62, 186),
(63, 187),
(63, 188),
(63, 189),
(64, 190),
(64, 191),
(64, 192),
(65, 193),
(65, 194),
(65, 195),
(66, 196),
(66, 197),
(66, 198),
(67, 199),
(67, 200),
(67, 201),
(68, 202),
(68, 203),
(68, 204),
(69, 205),
(69, 206),
(69, 207),
(70, 208),
(70, 209),
(70, 210),
(71, 211),
(71, 212),
(71, 213),
(72, 214),
(72, 215),
(72, 216),
(73, 217),
(73, 218),
(73, 219),
(74, 220),
(74, 221),
(74, 222),
(75, 223),
(75, 224),
(75, 225),
(76, 226),
(76, 227),
(76, 228),
(77, 229),
(77, 230),
(78, 231),
(78, 232),
(78, 233),
(79, 234),
(79, 235),
(79, 236),
(80, 237),
(80, 238),
(80, 239),
(81, 240),
(81, 241),
(81, 242),
(82, 246),
(82, 247),
(82, 248),
(83, 249),
(83, 250),
(83, 251),
(84, 252),
(84, 253),
(84, 254),
(85, 255),
(85, 256),
(85, 257),
(86, 258),
(86, 259),
(86, 260),
(87, 261),
(87, 262),
(87, 263),
(88, 264),
(88, 265),
(88, 266),
(89, 267),
(89, 268),
(89, 269),
(90, 270),
(90, 271),
(90, 272),
(91, 273),
(91, 274),
(91, 275),
(92, 276),
(92, 277),
(92, 278),
(93, 279),
(93, 280),
(93, 281),
(94, 282),
(94, 283),
(94, 284),
(95, 285),
(95, 286),
(95, 287),
(96, 288),
(96, 289),
(96, 290),
(97, 291),
(97, 292),
(97, 293),
(98, 294),
(98, 295),
(98, 296),
(99, 297),
(99, 298),
(99, 299),
(100, 300),
(100, 301),
(100, 302),
(101, 303),
(101, 304),
(101, 305),
(102, 306),
(102, 307),
(102, 308),
(103, 309),
(103, 310),
(103, 311),
(104, 312),
(104, 313),
(104, 314),
(105, 315),
(105, 316),
(105, 317),
(106, 321),
(106, 322),
(106, 323),
(107, 324),
(107, 325),
(107, 326),
(108, 327),
(108, 328),
(108, 329),
(109, 330),
(109, 331),
(109, 332),
(110, 333),
(110, 334),
(110, 335),
(111, 336),
(111, 337),
(111, 338),
(112, 339),
(112, 340),
(112, 341),
(113, 342),
(113, 343),
(113, 344),
(114, 345),
(114, 346),
(114, 347),
(115, 348),
(115, 349),
(115, 350),
(116, 351),
(116, 352),
(116, 353),
(117, 354),
(117, 355),
(117, 356),
(118, 357),
(118, 358),
(118, 359),
(119, 360),
(119, 361),
(119, 362),
(120, 363),
(120, 364),
(120, 365),
(121, 366),
(121, 367),
(121, 368),
(122, 369),
(122, 370),
(122, 371),
(123, 372),
(123, 373),
(123, 374),
(124, 375),
(124, 376),
(124, 377),
(125, 378),
(125, 379),
(125, 380),
(126, 381),
(126, 382),
(126, 383),
(127, 384),
(127, 385),
(127, 386),
(128, 387),
(128, 388),
(128, 389),
(129, 390),
(129, 391),
(129, 392),
(130, 393),
(130, 394),
(130, 395),
(131, 396),
(131, 397),
(131, 398),
(132, 399),
(132, 400),
(132, 401),
(133, 402),
(133, 403),
(133, 404),
(134, 405),
(134, 406),
(134, 407),
(135, 408),
(135, 409),
(135, 410),
(136, 411),
(136, 412),
(136, 413),
(137, 414),
(137, 415),
(137, 416),
(138, 417),
(138, 418),
(138, 419),
(139, 420),
(139, 421),
(139, 422),
(140, 423),
(140, 424),
(140, 425),
(141, 426),
(141, 427),
(141, 428),
(142, 429),
(142, 430),
(142, 431),
(143, 432),
(143, 433),
(143, 434),
(144, 435),
(144, 436),
(144, 437),
(145, 438),
(145, 439),
(145, 440),
(146, 441),
(146, 442),
(146, 443),
(147, 444),
(147, 445),
(147, 446),
(148, 447),
(148, 448),
(148, 449),
(149, 450),
(149, 451),
(149, 452),
(150, 453),
(150, 454),
(150, 455),
(151, 456),
(151, 457),
(151, 458),
(152, 459),
(152, 460),
(152, 461),
(153, 462),
(153, 463),
(153, 464),
(154, 465),
(154, 466),
(154, 467),
(155, 468),
(155, 469),
(155, 470),
(156, 471),
(156, 472),
(156, 473),
(157, 476),
(157, 477),
(157, 478),
(158, 479),
(158, 480),
(158, 481),
(159, 482),
(159, 483),
(159, 484),
(160, 485),
(160, 486),
(160, 487),
(161, 488),
(161, 489),
(161, 490),
(162, 491),
(162, 492),
(162, 493),
(163, 494),
(163, 495),
(163, 496),
(164, 497),
(164, 498),
(164, 499),
(165, 500),
(165, 501),
(165, 502),
(166, 503),
(166, 504),
(166, 505),
(167, 506),
(167, 507),
(167, 508),
(168, 509),
(168, 510),
(168, 511),
(169, 512),
(169, 513),
(169, 514),
(170, 515),
(170, 516),
(170, 517),
(171, 518),
(171, 519),
(171, 520),
(172, 521),
(172, 522),
(172, 523),
(173, 524),
(173, 525),
(173, 526),
(174, 527),
(174, 528),
(175, 529),
(175, 530),
(175, 531),
(176, 532),
(176, 533),
(176, 534),
(177, 535),
(177, 536),
(177, 537),
(178, 538),
(178, 539),
(178, 540),
(179, 541),
(179, 542),
(179, 543),
(180, 544),
(180, 545),
(180, 546),
(181, 547),
(181, 548),
(181, 549),
(182, 550),
(182, 551),
(182, 552),
(183, 553),
(183, 554),
(183, 555),
(184, 556),
(184, 557),
(184, 558),
(185, 559),
(185, 560),
(185, 561),
(186, 562),
(186, 563),
(186, 564),
(187, 565),
(187, 566),
(187, 567),
(188, 568),
(188, 569),
(188, 570),
(189, 571),
(189, 572),
(189, 573),
(190, 574),
(190, 575),
(190, 576),
(191, 577),
(191, 578),
(191, 579),
(192, 580),
(192, 581),
(192, 582),
(193, 583),
(193, 584),
(193, 585),
(194, 586),
(194, 587),
(194, 588),
(195, 589),
(195, 590),
(195, 591),
(196, 592),
(196, 593),
(196, 594),
(197, 595),
(197, 596),
(197, 597),
(198, 598),
(198, 599),
(198, 600),
(199, 601),
(199, 602),
(199, 603),
(200, 604),
(200, 605),
(200, 606),
(201, 607),
(201, 608),
(201, 609),
(202, 610),
(202, 611),
(202, 612),
(203, 613),
(203, 614),
(203, 615),
(204, 616),
(204, 617),
(204, 618),
(205, 619),
(205, 620),
(205, 621),
(206, 622),
(206, 623),
(206, 624),
(207, 625),
(207, 626),
(207, 627),
(208, 628),
(208, 629),
(208, 630),
(209, 631),
(209, 632),
(209, 633),
(210, 634),
(210, 635),
(210, 636),
(211, 637),
(211, 638),
(211, 639),
(212, 640),
(212, 641),
(212, 642),
(213, 643),
(213, 644),
(213, 645),
(214, 646),
(214, 647),
(214, 648),
(215, 649),
(215, 650),
(215, 651),
(216, 652),
(216, 653),
(216, 654),
(217, 655),
(217, 656),
(217, 657),
(218, 658),
(218, 659),
(218, 660),
(219, 661),
(219, 662),
(219, 663),
(220, 664),
(220, 665),
(220, 666),
(221, 667),
(221, 668),
(221, 669),
(222, 670),
(222, 671),
(222, 672),
(223, 673),
(223, 674),
(223, 675),
(224, 676),
(224, 677),
(224, 678),
(225, 679),
(225, 680),
(225, 681),
(226, 682),
(226, 683),
(226, 684),
(227, 685),
(227, 686),
(227, 687),
(228, 688),
(228, 689),
(228, 690),
(229, 691),
(229, 692),
(229, 693),
(230, 694),
(230, 695),
(230, 696),
(231, 697),
(231, 698),
(231, 699),
(232, 700),
(232, 701),
(232, 702),
(233, 703),
(233, 704),
(233, 705),
(234, 706),
(234, 707),
(234, 708),
(235, 709),
(235, 710),
(235, 711),
(236, 712),
(236, 713),
(236, 714),
(237, 715),
(237, 716),
(237, 717),
(238, 718),
(238, 719),
(238, 720),
(239, 721),
(239, 722),
(239, 723),
(240, 724),
(240, 725),
(240, 726),
(241, 727),
(241, 728),
(241, 729),
(242, 730),
(242, 731),
(242, 732),
(243, 733),
(243, 734),
(243, 735),
(244, 736),
(244, 737),
(244, 738),
(245, 739),
(245, 740),
(245, 741),
(246, 742),
(246, 743),
(246, 744),
(247, 745),
(247, 746),
(247, 747),
(248, 748),
(248, 749),
(248, 750),
(249, 751),
(249, 752),
(249, 753),
(250, 754),
(250, 755),
(250, 756),
(251, 757),
(251, 758),
(251, 759),
(252, 760),
(252, 761),
(252, 762),
(253, 763),
(253, 764),
(253, 765),
(254, 766),
(254, 767),
(254, 768),
(255, 769),
(255, 770),
(255, 771),
(256, 772),
(256, 773),
(256, 774),
(257, 775),
(257, 776),
(257, 777),
(258, 778),
(258, 779),
(258, 780),
(259, 781),
(259, 782),
(259, 783),
(260, 784),
(260, 785),
(260, 786),
(261, 787),
(261, 788),
(261, 789),
(262, 790),
(262, 791),
(262, 792),
(263, 793),
(263, 794),
(263, 795),
(264, 796),
(264, 797),
(264, 798),
(265, 802),
(265, 803),
(265, 804),
(266, 805),
(266, 806),
(266, 807),
(267, 808),
(267, 809),
(267, 810),
(268, 811),
(268, 812),
(268, 813),
(269, 814),
(269, 815),
(269, 816),
(270, 817),
(270, 818),
(270, 819),
(271, 820),
(271, 821),
(271, 822),
(272, 823),
(272, 824),
(272, 825),
(273, 826),
(273, 827),
(273, 828),
(274, 829),
(274, 830),
(274, 831),
(275, 832),
(275, 833),
(275, 834),
(276, 835),
(276, 836),
(276, 837),
(277, 838),
(278, 839),
(278, 840),
(278, 841),
(279, 842),
(279, 843),
(279, 844),
(280, 845),
(280, 846),
(280, 847),
(281, 848),
(281, 849),
(281, 850),
(282, 851),
(282, 852),
(282, 853),
(283, 854),
(283, 855),
(283, 856),
(284, 857),
(284, 858),
(284, 859),
(285, 860),
(285, 861),
(285, 862),
(286, 863),
(286, 864),
(286, 865),
(287, 866),
(287, 867),
(287, 868),
(288, 869),
(288, 870),
(288, 871),
(289, 875),
(289, 876),
(289, 877),
(290, 878),
(290, 879),
(290, 880),
(291, 881),
(291, 882),
(291, 883),
(292, 884),
(292, 885),
(292, 886),
(293, 887),
(293, 888),
(293, 889),
(294, 890),
(294, 891),
(294, 892),
(295, 893),
(295, 894),
(295, 895),
(296, 896),
(296, 897),
(296, 898),
(297, 899),
(297, 900),
(297, 901),
(298, 902),
(298, 903),
(298, 904),
(299, 905),
(299, 906),
(299, 907),
(300, 908),
(300, 909),
(300, 910),
(301, 911),
(301, 912),
(301, 913),
(302, 914),
(302, 915),
(302, 916),
(303, 917),
(303, 918),
(303, 919),
(304, 920),
(304, 921),
(304, 922),
(305, 923),
(305, 924),
(305, 925),
(306, 926),
(306, 927),
(306, 928),
(307, 929),
(307, 930),
(307, 931),
(308, 932),
(308, 933),
(308, 934),
(309, 935),
(309, 936),
(309, 937),
(310, 938),
(310, 939),
(310, 940),
(311, 941),
(311, 942),
(311, 943),
(312, 944),
(312, 945),
(312, 946),
(313, 947),
(313, 948),
(313, 949),
(314, 950),
(314, 951),
(314, 952),
(315, 953),
(315, 954),
(315, 955),
(316, 956),
(316, 957),
(316, 958),
(317, 959),
(317, 960),
(317, 961),
(318, 962),
(318, 963),
(318, 964),
(319, 965),
(319, 966),
(319, 967),
(320, 968),
(320, 969),
(320, 970),
(321, 971),
(321, 972),
(321, 973),
(322, 974),
(322, 975),
(322, 976),
(323, 977),
(323, 978),
(323, 979),
(324, 980),
(324, 981),
(324, 982),
(325, 983),
(325, 984),
(325, 985),
(326, 986),
(326, 987),
(326, 988),
(327, 989),
(327, 990),
(327, 991),
(328, 992),
(328, 993),
(328, 994),
(329, 995),
(329, 996),
(329, 997),
(330, 998),
(330, 999),
(330, 1000),
(331, 1001),
(331, 1002),
(331, 1003),
(332, 1004),
(332, 1005),
(332, 1006),
(333, 1007),
(333, 1008),
(333, 1009),
(334, 1010),
(334, 1011),
(334, 1012),
(335, 1013),
(335, 1014),
(335, 1015),
(336, 1016),
(336, 1017),
(336, 1018),
(337, 1019),
(337, 1020),
(337, 1021),
(338, 1022),
(338, 1023),
(338, 1024),
(339, 1025),
(339, 1026),
(339, 1027),
(340, 1028),
(340, 1029),
(340, 1030),
(341, 1031),
(341, 1032),
(341, 1033),
(342, 1034),
(342, 1035),
(342, 1036),
(343, 1037),
(343, 1038),
(343, 1039),
(344, 1040),
(344, 1041),
(344, 1042),
(345, 1043),
(345, 1044),
(345, 1045),
(346, 1046),
(346, 1047),
(346, 1048),
(347, 1049),
(347, 1050),
(347, 1051),
(348, 1052),
(348, 1053),
(348, 1054),
(349, 1055),
(349, 1056),
(349, 1057),
(350, 1058),
(350, 1059),
(350, 1060),
(351, 1061),
(351, 1062),
(351, 1063),
(352, 1064),
(352, 1065),
(352, 1066),
(353, 1067),
(353, 1068),
(353, 1069),
(354, 1070),
(354, 1071),
(354, 1072),
(355, 1073),
(355, 1074),
(355, 1075),
(356, 1076),
(356, 1077),
(356, 1078),
(357, 1079),
(357, 1080),
(357, 1081),
(358, 1082),
(358, 1083),
(358, 1084),
(359, 1085),
(359, 1086),
(359, 1087),
(360, 1088),
(360, 1089),
(360, 1090),
(361, 1091),
(361, 1092),
(361, 1093),
(362, 1094),
(362, 1095),
(362, 1096),
(363, 1097),
(363, 1098),
(363, 1099),
(364, 1100),
(364, 1101),
(364, 1102),
(365, 1103),
(365, 1104),
(365, 1105),
(366, 1106),
(366, 1107),
(366, 1108),
(367, 1109),
(367, 1110),
(367, 1111),
(368, 1112),
(368, 1113),
(369, 1114),
(369, 1115),
(369, 1116),
(370, 1120),
(370, 1121),
(370, 1122),
(371, 1123),
(371, 1124),
(371, 1125),
(372, 1127),
(372, 1128),
(372, 1129),
(373, 1130),
(373, 1131),
(373, 1132),
(374, 1133),
(374, 1134),
(374, 1135),
(375, 1136),
(375, 1137),
(375, 1138),
(376, 1139),
(376, 1140),
(376, 1141),
(377, 1142),
(377, 1143),
(377, 1144),
(378, 1145),
(378, 1146),
(378, 1147),
(379, 1148),
(379, 1149),
(379, 1150),
(380, 1151),
(380, 1152),
(380, 1153),
(381, 1154),
(381, 1155),
(381, 1156),
(382, 1157),
(382, 1158),
(382, 1159),
(383, 1160),
(383, 1161),
(383, 1162),
(384, 1163),
(384, 1164),
(384, 1165),
(385, 1166),
(385, 1167),
(385, 1168),
(386, 1169),
(386, 1170),
(386, 1171),
(387, 1172),
(387, 1173),
(387, 1174),
(388, 1175),
(388, 1176),
(388, 1177),
(389, 1178),
(389, 1179),
(389, 1180),
(390, 1181),
(390, 1182),
(390, 1183),
(391, 1184),
(391, 1185),
(391, 1186),
(392, 1187),
(392, 1188),
(393, 1189),
(393, 1190),
(393, 1191),
(394, 1192),
(394, 1193),
(394, 1194),
(395, 1195),
(395, 1196),
(395, 1197),
(396, 1198),
(397, 1199),
(397, 1200),
(397, 1201),
(398, 1202),
(398, 1203),
(398, 1204),
(399, 1205),
(399, 1206),
(399, 1207),
(400, 1208),
(400, 1209),
(400, 1210),
(401, 1211),
(401, 1212),
(401, 1213),
(402, 1214),
(402, 1215),
(402, 1216),
(403, 1217),
(403, 1218),
(403, 1219),
(404, 1220),
(404, 1221),
(404, 1222),
(405, 1223),
(405, 1224),
(405, 1225),
(406, 1226),
(406, 1227),
(406, 1228),
(407, 1229),
(407, 1230),
(407, 1231),
(408, 1232),
(408, 1233),
(408, 1234),
(409, 1235),
(409, 1236),
(409, 1237),
(410, 1238),
(410, 1239),
(410, 1240),
(411, 1241),
(411, 1242),
(411, 1243),
(412, 1244),
(412, 1245),
(412, 1246),
(413, 1247),
(413, 1248),
(413, 1249),
(414, 1250),
(414, 1251),
(414, 1252),
(415, 1253),
(415, 1254),
(415, 1255),
(416, 1256),
(416, 1257),
(416, 1258),
(417, 1259),
(417, 1260),
(417, 1261),
(418, 1262),
(418, 1263),
(418, 1264),
(419, 1265),
(419, 1266),
(419, 1267),
(420, 1268),
(420, 1269),
(420, 1270),
(421, 1271),
(421, 1272),
(421, 1273),
(422, 1274),
(422, 1275),
(422, 1276),
(423, 1277),
(423, 1278),
(423, 1279),
(424, 1280),
(424, 1281),
(424, 1282),
(425, 1283),
(425, 1284),
(425, 1285),
(426, 1286),
(426, 1287),
(426, 1288),
(427, 1289),
(427, 1290),
(427, 1291),
(428, 1292),
(428, 1293),
(428, 1294),
(429, 1295),
(429, 1296),
(429, 1297),
(430, 1298),
(430, 1299),
(430, 1300),
(431, 1301),
(431, 1302),
(431, 1303),
(432, 1304),
(432, 1305),
(432, 1306),
(433, 1307),
(433, 1308),
(433, 1309),
(434, 1310),
(434, 1311),
(434, 1312),
(435, 1313),
(435, 1314),
(435, 1315),
(436, 1316),
(436, 1317),
(436, 1318),
(437, 1319),
(437, 1320),
(437, 1321),
(438, 1322),
(438, 1323),
(438, 1324),
(439, 1325),
(439, 1326),
(439, 1327),
(440, 1328),
(440, 1329),
(440, 1330),
(441, 1331),
(441, 1332),
(441, 1333),
(442, 1335),
(442, 1336),
(442, 1337),
(443, 1338),
(443, 1339),
(443, 1340),
(444, 1341),
(444, 1342),
(444, 1343),
(445, 1344),
(445, 1345),
(445, 1346),
(446, 1347),
(446, 1348),
(446, 1349),
(447, 1350),
(447, 1351),
(447, 1352),
(448, 1353),
(448, 1354),
(448, 1355),
(449, 1356),
(449, 1357),
(449, 1358),
(450, 1359),
(450, 1360),
(450, 1361),
(451, 1362),
(451, 1363),
(451, 1364),
(452, 1365),
(452, 1366),
(452, 1367),
(453, 1368),
(453, 1369),
(453, 1370),
(454, 1371),
(454, 1372),
(454, 1373),
(455, 1374),
(455, 1375),
(455, 1376),
(456, 1377),
(456, 1378),
(456, 1379),
(457, 1380),
(457, 1381),
(457, 1382),
(458, 1383),
(458, 1384),
(458, 1385),
(459, 1386),
(459, 1387),
(459, 1388),
(460, 1389),
(460, 1390),
(460, 1391),
(461, 1392),
(461, 1393),
(461, 1394),
(462, 1395),
(462, 1396),
(462, 1397),
(463, 1398),
(463, 1399),
(463, 1400),
(464, 1401),
(464, 1402),
(464, 1403),
(465, 1404),
(465, 1405),
(465, 1406),
(466, 1407),
(466, 1408),
(466, 1409),
(467, 1410),
(467, 1411),
(467, 1412),
(468, 1413),
(469, 1414),
(469, 1415),
(469, 1416),
(470, 1417),
(470, 1418),
(470, 1419),
(471, 1420),
(471, 1421),
(471, 1422),
(472, 1423),
(472, 1424),
(472, 1425),
(473, 1426),
(473, 1427),
(473, 1428),
(474, 1429),
(474, 1430),
(474, 1431),
(475, 1432),
(475, 1433),
(475, 1434),
(476, 1435),
(476, 1436),
(476, 1437),
(477, 1438),
(477, 1439),
(477, 1440),
(478, 1441),
(478, 1442),
(478, 1443),
(479, 1444),
(479, 1445),
(479, 1446),
(480, 1447),
(480, 1448),
(480, 1449),
(481, 1450),
(481, 1451),
(481, 1452),
(482, 1453),
(482, 1454),
(482, 1455),
(483, 1456),
(483, 1457),
(483, 1458),
(484, 1459),
(484, 1460),
(484, 1461),
(485, 1462),
(485, 1463),
(485, 1464),
(486, 1465),
(486, 1466),
(486, 1467),
(487, 1468),
(487, 1469),
(487, 1470),
(488, 1471),
(488, 1472),
(488, 1473),
(489, 1474),
(489, 1475),
(489, 1476),
(490, 1477),
(490, 1478),
(490, 1479),
(491, 1480),
(491, 1481),
(491, 1482),
(492, 1483),
(492, 1484),
(492, 1485),
(493, 1486),
(493, 1487),
(493, 1488),
(494, 1489),
(494, 1490),
(494, 1491),
(495, 1492),
(495, 1493),
(495, 1494),
(496, 1495),
(496, 1496),
(496, 1497),
(497, 1498),
(497, 1499),
(497, 1500),
(498, 1501),
(498, 1502),
(498, 1503),
(499, 1504),
(499, 1505),
(499, 1506),
(500, 1507),
(500, 1508),
(500, 1509),
(501, 1510),
(501, 1511),
(501, 1512),
(502, 1513),
(502, 1514),
(502, 1515),
(503, 1516),
(503, 1517),
(503, 1518),
(504, 1519),
(504, 1520),
(504, 1521),
(505, 1522),
(505, 1523),
(505, 1524),
(506, 1525),
(506, 1526),
(506, 1527),
(507, 1528),
(507, 1529),
(507, 1530),
(508, 1531),
(508, 1532),
(508, 1533),
(509, 1534),
(509, 1535),
(509, 1536),
(510, 1537),
(510, 1538),
(510, 1539),
(511, 1540),
(511, 1541),
(511, 1542),
(512, 1543),
(512, 1544),
(512, 1545),
(513, 1546),
(513, 1547),
(513, 1548),
(514, 1549),
(514, 1550),
(514, 1551),
(515, 1552),
(515, 1553),
(515, 1554),
(516, 1555),
(516, 1556),
(516, 1557),
(517, 1558),
(517, 1559),
(517, 1560),
(518, 1561),
(518, 1562),
(518, 1563),
(519, 1564),
(519, 1565),
(519, 1566),
(520, 1567),
(520, 1568),
(520, 1569),
(521, 1570),
(521, 1571),
(521, 1572),
(522, 1573),
(522, 1574),
(522, 1575),
(523, 1576),
(523, 1577),
(523, 1578),
(524, 1579),
(524, 1580),
(524, 1581),
(525, 1582),
(525, 1583),
(525, 1584),
(526, 1585),
(526, 1586),
(526, 1587),
(527, 1588),
(527, 1589),
(527, 1590),
(528, 1591),
(528, 1592),
(528, 1593),
(529, 1594),
(529, 1595),
(529, 1596),
(530, 1597),
(530, 1598),
(530, 1599),
(531, 1600),
(531, 1601),
(531, 1602),
(532, 1603),
(532, 1604),
(532, 1605),
(533, 1606),
(533, 1607),
(533, 1608),
(534, 1609),
(534, 1610),
(534, 1611),
(535, 1612),
(535, 1613),
(535, 1614),
(536, 1615),
(536, 1616),
(536, 1617),
(537, 1618),
(537, 1619),
(537, 1620),
(538, 1621),
(538, 1622),
(538, 1623),
(539, 1624),
(539, 1625),
(539, 1626),
(540, 1627),
(540, 1628),
(540, 1629),
(541, 1630),
(541, 1631),
(541, 1632),
(542, 1633),
(542, 1634),
(542, 1635),
(543, 1636),
(543, 1637),
(543, 1638),
(544, 1639),
(544, 1640),
(544, 1641),
(545, 1642),
(545, 1643),
(545, 1644),
(546, 1645),
(546, 1646),
(546, 1647),
(547, 1648),
(547, 1649),
(547, 1650),
(548, 1651),
(548, 1652),
(548, 1653),
(549, 1654),
(549, 1655),
(549, 1656),
(550, 1657),
(550, 1658),
(550, 1659),
(551, 1660),
(551, 1661),
(551, 1662),
(552, 1663),
(552, 1664),
(552, 1665),
(553, 1666),
(553, 1667),
(553, 1668),
(554, 1669),
(554, 1670),
(554, 1671),
(555, 1672),
(555, 1673),
(555, 1674),
(556, 1675),
(556, 1676),
(556, 1677),
(557, 1678),
(557, 1679),
(557, 1680),
(558, 1681),
(558, 1682),
(558, 1683),
(559, 1684),
(559, 1685),
(559, 1686),
(560, 1687),
(560, 1688),
(560, 1689),
(561, 1690),
(561, 1691),
(561, 1692),
(562, 1693),
(562, 1694),
(562, 1695),
(563, 1696),
(563, 1697),
(563, 1698),
(564, 1699),
(564, 1700),
(564, 1701),
(565, 1702),
(565, 1703),
(565, 1704),
(566, 1705),
(566, 1706),
(566, 1707),
(567, 1708),
(567, 1709),
(567, 1710),
(568, 1711),
(568, 1712),
(568, 1713),
(569, 1714),
(569, 1715),
(569, 1716),
(570, 1717),
(570, 1718),
(570, 1719),
(571, 1720),
(571, 1721),
(571, 1722),
(572, 1723),
(572, 1724),
(572, 1725),
(573, 1726),
(573, 1727),
(573, 1728),
(574, 1729),
(574, 1730),
(574, 1731),
(575, 1732),
(575, 1733),
(575, 1734),
(576, 1735),
(576, 1736),
(576, 1737),
(577, 1738),
(577, 1739),
(577, 1740),
(578, 1741),
(578, 1742),
(578, 1743),
(579, 1744),
(579, 1745),
(579, 1746),
(580, 1747),
(580, 1748),
(580, 1749),
(581, 1750),
(581, 1751),
(581, 1752),
(582, 1753),
(582, 1754),
(582, 1755),
(583, 1756),
(583, 1757),
(583, 1758),
(584, 1759),
(584, 1760),
(584, 1761),
(585, 1762),
(585, 1763),
(585, 1764),
(586, 1765),
(586, 1766),
(586, 1767),
(587, 1768),
(587, 1769),
(587, 1770),
(588, 1771),
(588, 1772),
(588, 1773),
(589, 1774),
(589, 1775),
(589, 1776),
(590, 1777),
(590, 1778),
(590, 1779),
(591, 1780),
(591, 1781),
(591, 1782);

-- --------------------------------------------------------

--
-- Structure de la table `film_genres`
--

CREATE TABLE `film_genres` (
  `film_id` int(11) NOT NULL,
  `genre_id` int(11) NOT NULL
) ENGINE=InnoDB DEFAULT CHARSET=utf8mb4;

--
-- Déchargement des données de la table `film_genres`
--

INSERT INTO `film_genres` (`film_id`, `genre_id`) VALUES
(1, 1),
(1, 2),
(1, 3),
(2, 1),
(2, 2),
(2, 3),
(3, 4),
(3, 5),
(4, 3),
(4, 6),
(4, 7),
(5, 4),
(5, 8),
(6, 9),
(6, 10),
(6, 11),
(7, 4),
(7, 12),
(8, 4),
(8, 12),
(9, 4),
(9, 8),
(9, 12),
(10, 4),
(10, 13),
(10, 14),
(11, 1),
(11, 15),
(12, 10),
(12, 11),
(12, 16),
(13, 17),
(14, 14),
(14, 18),
(15, 13),
(15, 14),
(15, 17),
(16, 4),
(16, 11),
(17, 11),
(17, 12),
(17, 19),
(18, 4),
(19, 4),
(20, 6),
(20, 12),
(20, 20),
(21, 17),
(22, 4),
(22, 11),
(22, 21),
(23, 13),
(23, 22),
(23, 23),
(24, 3),
(24, 6),
(24, 20),
(25, 9),
(26, 4),
(26, 8),
(26, 11),
(27, 15),
(27, 20),
(27, 22),
(28, 4),
(28, 5),
(28, 12),
(29, 3),
(29, 23),
(29, 24),
(30, 4),
(30, 25),
(31, 4),
(31, 12),
(32, 3),
(32, 6),
(32, 20),
(33, 4),
(33, 12),
(33, 14),
(34, 4),
(34, 8),
(35, 4),
(35, 26),
(35, 27),
(36, 8),
(36, 15),
(36, 28),
(37, 15),
(37, 19),
(37, 23),
(38, 4),
(38, 12),
(38, 26),
(39, 15),
(39, 16),
(39, 29),
(40, 8),
(40, 15),
(40, 28),
(41, 1),
(41, 13),
(41, 14),
(42, 6),
(42, 15),
(42, 20),
(43, 4),
(43, 5),
(44, 12),
(44, 15),
(44, 22),
(45, 17),
(45, 26),
(46, 12),
(46, 15),
(46, 16),
(47, 11),
(47, 16),
(48, 6),
(48, 7),
(48, 15),
(49, 4),
(49, 26),
(50, 4),
(50, 5),
(51, 15),
(51, 19),
(52, 4),
(53, 19),
(53, 27),
(54, 4),
(54, 12),
(55, 12),
(55, 15),
(55, 22),
(56, 12),
(56, 15),
(56, 19),
(57, 4),
(57, 13),
(57, 14),
(58, 4),
(58, 14),
(58, 25),
(59, 15),
(59, 16),
(60, 10),
(60, 11),
(60, 16),
(61, 14),
(61, 18),
(62, 15),
(62, 16),
(62, 29),
(63, 19),
(64, 12),
(64, 19),
(64, 27),
(65, 15),
(65, 22),
(65, 29),
(66, 7),
(66, 12),
(66, 19),
(67, 6),
(67, 7),
(67, 15),
(68, 4),
(68, 14),
(69, 15),
(69, 19),
(69, 26),
(70, 12),
(70, 19),
(70, 27),
(71, 4),
(71, 5),
(71, 12),
(72, 8),
(72, 15),
(72, 19),
(73, 19),
(73, 27),
(74, 1),
(74, 15),
(75, 15),
(75, 19),
(75, 27),
(76, 14),
(76, 22),
(76, 25),
(77, 17),
(77, 30),
(78, 19),
(78, 23),
(78, 26),
(79, 12),
(79, 15),
(79, 28),
(80, 8),
(80, 17),
(81, 19),
(82, 12),
(82, 19),
(83, 12),
(83, 15),
(83, 19),
(84, 7),
(84, 14),
(84, 22),
(85, 7),
(85, 10),
(85, 19),
(86, 15),
(86, 22),
(86, 31),
(87, 10),
(87, 11),
(87, 16),
(88, 19),
(88, 26),
(88, 27),
(89, 4),
(89, 14),
(89, 25),
(90, 3),
(90, 6),
(90, 8),
(91, 12),
(91, 19),
(91, 27),
(92, 4),
(92, 13),
(92, 26),
(93, 12),
(93, 15),
(93, 19),
(94, 12),
(94, 19),
(94, 27),
(95, 12),
(95, 15),
(95, 19),
(96, 12),
(96, 15),
(96, 19),
(97, 19),
(98, 4),
(98, 12),
(99, 4),
(99, 5),
(99, 25),
(100, 4),
(100, 12),
(101, 1),
(101, 15),
(101, 20),
(102, 12),
(102, 15),
(102, 16),
(103, 4),
(103, 12),
(104, 4),
(104, 5),
(105, 4),
(105, 12),
(106, 3),
(106, 23),
(106, 24),
(107, 15),
(107, 22),
(107, 23),
(108, 12),
(108, 19),
(109, 15),
(109, 28),
(110, 4),
(110, 12),
(111, 3),
(111, 6),
(111, 12),
(112, 15),
(112, 16),
(112, 29),
(113, 15),
(113, 19),
(114, 19),
(115, 17),
(115, 32),
(116, 11),
(116, 33),
(117, 4),
(117, 12),
(118, 15),
(118, 19),
(119, 15),
(119, 21),
(119, 22),
(120, 12),
(120, 15),
(120, 22),
(121, 19),
(121, 21),
(122, 4),
(122, 5),
(122, 12),
(123, 12),
(123, 15),
(123, 16),
(124, 5),
(124, 20),
(124, 22),
(125, 12),
(125, 19),
(126, 13),
(126, 22),
(126, 23),
(127, 15),
(127, 19),
(128, 4),
(128, 12),
(129, 12),
(129, 15),
(129, 19),
(130, 13),
(130, 23),
(130, 24),
(131, 4),
(131, 10),
(131, 29),
(132, 12),
(132, 19),
(133, 4),
(134, 4),
(135, 19),
(136, 3),
(136, 20),
(136, 24),
(137, 4),
(137, 10),
(138, 8),
(138, 15),
(138, 28),
(139, 12),
(139, 19),
(140, 9),
(140, 10),
(140, 12),
(141, 3),
(141, 6),
(141, 15),
(142, 4),
(142, 23),
(143, 15),
(143, 20),
(143, 22),
(144, 10),
(144, 16),
(144, 29),
(145, 3),
(145, 15),
(145, 24),
(146, 12),
(146, 19),
(147, 4),
(147, 12),
(148, 5),
(148, 12),
(148, 19),
(149, 4),
(149, 12),
(150, 15),
(150, 23),
(150, 28),
(151, 4),
(151, 5),
(151, 12),
(152, 4),
(152, 5),
(152, 12),
(153, 11),
(153, 14),
(153, 18),
(154, 4),
(154, 5),
(155, 4),
(155, 21),
(156, 4),
(156, 5),
(156, 12),
(157, 4),
(157, 10),
(157, 14),
(158, 4),
(158, 8),
(158, 12),
(159, 11),
(159, 34),
(160, 12),
(160, 15),
(160, 16),
(161, 4),
(161, 10),
(161, 29),
(162, 15),
(162, 19),
(162, 23),
(163, 20),
(163, 22),
(163, 29),
(164, 10),
(164, 15),
(164, 16),
(165, 8),
(165, 15),
(165, 28),
(166, 15),
(166, 16),
(166, 29),
(167, 15),
(167, 16),
(167, 29),
(168, 8),
(168, 15),
(168, 28),
(169, 15),
(169, 16),
(169, 29),
(170, 15),
(170, 16),
(170, 29),
(171, 4),
(171, 12),
(172, 4),
(172, 29),
(173, 4),
(173, 12),
(174, 5),
(174, 17),
(174, 30),
(175, 4),
(175, 12),
(176, 4),
(176, 5),
(176, 11),
(177, 4),
(177, 5),
(177, 12),
(178, 4),
(178, 5),
(179, 15),
(179, 16),
(179, 29),
(180, 4),
(180, 12),
(180, 13),
(181, 15),
(181, 16),
(181, 29),
(182, 4),
(182, 13),
(182, 23),
(183, 10),
(183, 16),
(183, 29),
(184, 4),
(184, 12),
(184, 29),
(185, 4),
(185, 12),
(185, 13),
(186, 10),
(186, 15),
(186, 22),
(187, 4),
(187, 12),
(187, 21),
(188, 4),
(188, 12),
(188, 29),
(189, 4),
(190, 15),
(190, 16),
(190, 29),
(191, 7),
(191, 15),
(191, 19),
(192, 15),
(192, 16),
(192, 29),
(193, 4),
(194, 4),
(194, 12),
(195, 4),
(195, 10),
(195, 29),
(196, 15),
(196, 16),
(196, 29),
(197, 4),
(197, 12),
(198, 4),
(198, 21),
(199, 19),
(199, 21),
(199, 23),
(200, 4),
(200, 10),
(201, 15),
(201, 16),
(201, 29),
(202, 10),
(202, 15),
(202, 16),
(203, 4),
(203, 12),
(203, 26),
(204, 15),
(204, 21),
(204, 22),
(205, 15),
(205, 22),
(206, 15),
(206, 16),
(206, 29),
(207, 15),
(207, 16),
(207, 29),
(208, 6),
(208, 7),
(208, 15),
(209, 12),
(209, 19),
(210, 4),
(210, 12),
(211, 10),
(211, 11),
(211, 34),
(212, 7),
(212, 19),
(213, 7),
(213, 19),
(214, 12),
(214, 19),
(214, 27),
(215, 12),
(215, 15),
(215, 18),
(216, 15),
(216, 16),
(216, 29),
(217, 10),
(217, 15),
(217, 16),
(218, 4),
(219, 6),
(219, 15),
(219, 21),
(220, 21),
(220, 35),
(221, 4),
(221, 29),
(222, 15),
(222, 16),
(223, 4),
(223, 10),
(223, 29),
(224, 4),
(224, 29),
(225, 15),
(225, 16),
(225, 29),
(226, 4),
(227, 4),
(227, 12),
(227, 27),
(228, 4),
(228, 10),
(228, 13),
(229, 12),
(229, 15),
(229, 22),
(230, 4),
(230, 12),
(231, 7),
(231, 19),
(232, 4),
(233, 4),
(233, 25),
(234, 12),
(234, 15),
(234, 19),
(235, 5),
(235, 15),
(235, 19),
(236, 4),
(237, 12),
(237, 19),
(237, 27),
(238, 4),
(238, 12),
(239, 4),
(240, 4),
(241, 4),
(241, 11),
(241, 21),
(242, 8),
(242, 15),
(242, 19),
(243, 4),
(243, 12),
(244, 10),
(244, 16),
(244, 29),
(245, 12),
(245, 19),
(245, 27),
(246, 19),
(247, 4),
(247, 12),
(248, 11),
(248, 15),
(248, 22),
(249, 4),
(249, 29),
(250, 4),
(250, 11),
(250, 21),
(251, 4),
(252, 4),
(252, 5),
(252, 12),
(253, 4),
(253, 5),
(253, 13),
(254, 4),
(254, 12),
(255, 4),
(255, 21),
(256, 12),
(256, 19),
(256, 27),
(257, 12),
(257, 19),
(258, 11),
(258, 16),
(258, 29),
(259, 11),
(259, 15),
(259, 16),
(260, 4),
(261, 14),
(261, 15),
(261, 16),
(262, 4),
(262, 12),
(262, 27),
(263, 11),
(263, 33),
(264, 4),
(264, 5),
(264, 12),
(265, 4),
(265, 21),
(266, 10),
(266, 15),
(266, 16),
(267, 6),
(267, 15),
(268, 4),
(268, 12),
(268, 27),
(269, 4),
(269, 21),
(270, 4),
(270, 8),
(271, 12),
(271, 15),
(271, 28),
(272, 4),
(273, 4),
(274, 4),
(274, 12),
(275, 12),
(275, 19),
(275, 27),
(276, 4),
(277, 14),
(277, 17),
(277, 30),
(278, 12),
(278, 15),
(278, 22),
(279, 10),
(279, 15),
(279, 16),
(280, 8),
(280, 17),
(280, 30),
(281, 15),
(281, 16),
(281, 29),
(282, 12),
(282, 15),
(282, 16),
(283, 10),
(283, 16),
(283, 29),
(284, 7),
(284, 19),
(284, 27),
(285, 15),
(285, 16),
(285, 29),
(286, 7),
(286, 19),
(287, 15),
(287, 19),
(287, 27),
(288, 12),
(288, 19),
(289, 4),
(289, 12),
(289, 26),
(290, 15),
(290, 22),
(290, 23),
(291, 15),
(291, 21),
(291, 22),
(292, 4),
(292, 5),
(292, 26),
(293, 22),
(293, 25),
(294, 4),
(295, 4),
(295, 5),
(295, 11),
(296, 4),
(297, 4),
(297, 14),
(297, 25),
(298, 4),
(298, 21),
(299, 4),
(299, 29),
(300, 12),
(300, 19),
(300, 27),
(301, 4),
(302, 4),
(302, 5),
(303, 4),
(303, 12),
(304, 4),
(304, 13),
(305, 15),
(305, 16),
(306, 4),
(306, 12),
(307, 9),
(307, 25),
(308, 15),
(308, 21),
(308, 28),
(309, 4),
(310, 4),
(310, 5),
(310, 12),
(311, 4),
(312, 5),
(312, 15),
(312, 22),
(313, 4),
(313, 29),
(314, 6),
(314, 15),
(314, 20),
(315, 15),
(315, 16),
(315, 29),
(316, 12),
(316, 19),
(316, 27),
(317, 15),
(317, 16),
(318, 4),
(318, 21),
(319, 11),
(319, 12),
(319, 33),
(320, 4),
(320, 5),
(320, 12),
(321, 15),
(321, 16),
(322, 4),
(322, 26),
(323, 19),
(324, 4),
(324, 12),
(325, 4),
(325, 14),
(326, 12),
(326, 19),
(326, 26),
(327, 3),
(327, 6),
(327, 10),
(328, 15),
(328, 16),
(329, 15),
(329, 16),
(330, 4),
(330, 12),
(331, 36),
(332, 4),
(332, 13),
(332, 26),
(333, 15),
(333, 22),
(334, 4),
(334, 10),
(335, 4),
(335, 12),
(335, 26),
(336, 4),
(337, 4),
(337, 21),
(338, 4),
(339, 4),
(339, 14),
(340, 4),
(340, 12),
(341, 15),
(341, 19),
(342, 11),
(342, 15),
(342, 16),
(343, 15),
(343, 16),
(343, 32),
(344, 4),
(344, 10),
(344, 12),
(345, 15),
(345, 16),
(346, 15),
(346, 22),
(346, 31),
(347, 12),
(347, 15),
(347, 19),
(348, 11),
(348, 15),
(348, 16),
(349, 4),
(349, 27),
(350, 9),
(350, 10),
(350, 11),
(351, 11),
(351, 15),
(351, 16),
(352, 4),
(352, 11),
(352, 14),
(353, 9),
(354, 4),
(354, 12),
(355, 4),
(356, 1),
(356, 12),
(356, 15),
(357, 12),
(357, 15),
(357, 19),
(358, 4),
(358, 12),
(359, 4),
(360, 4),
(361, 15),
(361, 16),
(361, 27),
(362, 4),
(362, 32),
(363, 19),
(364, 4),
(365, 17),
(366, 4),
(366, 10),
(367, 15),
(367, 19),
(367, 26),
(368, 1),
(369, 4),
(370, 12),
(370, 15),
(370, 16),
(371, 4),
(371, 21),
(372, 15),
(372, 22),
(372, 31),
(373, 15),
(373, 16),
(374, 4),
(375, 4),
(375, 12),
(376, 14),
(376, 17),
(377, 4),
(377, 13),
(378, 4),
(378, 12),
(379, 4),
(379, 11),
(380, 4),
(380, 11),
(380, 14),
(381, 4),
(382, 4),
(382, 10),
(382, 14),
(383, 4),
(383, 5),
(384, 4),
(385, 14),
(385, 15),
(385, 19),
(386, 17),
(386, 30),
(387, 4),
(387, 21),
(388, 4),
(388, 8),
(389, 4),
(390, 4),
(390, 10),
(391, 4),
(391, 12),
(392, 1),
(393, 15),
(393, 16),
(394, 12),
(394, 19),
(394, 25),
(395, 8),
(395, 15),
(395, 22),
(396, 17),
(396, 30),
(397, 4),
(398, 9),
(399, 3),
(399, 6),
(399, 11),
(400, 4),
(400, 23),
(400, 27),
(401, 4),
(402, 4),
(402, 11),
(403, 4),
(403, 12),
(404, 1),
(404, 26),
(405, 10),
(405, 15),
(405, 16),
(406, 4),
(406, 14),
(407, 4),
(407, 12),
(408, 5),
(408, 19),
(409, 7),
(409, 15),
(409, 22),
(410, 19),
(410, 27),
(411, 4),
(411, 12),
(411, 27),
(412, 4),
(412, 12),
(413, 13),
(413, 19),
(413, 23),
(414, 4),
(414, 11),
(414, 14),
(415, 8),
(415, 15),
(415, 28),
(416, 4),
(416, 5),
(417, 4),
(417, 5),
(417, 12),
(418, 4),
(418, 5),
(419, 17),
(419, 32),
(420, 13),
(420, 15),
(420, 19),
(421, 4),
(421, 5),
(422, 15),
(422, 23),
(422, 28),
(423, 4),
(424, 4),
(424, 10),
(424, 25),
(425, 8),
(425, 15),
(425, 19),
(426, 6),
(426, 20),
(427, 37),
(428, 13),
(428, 15),
(428, 19),
(429, 4),
(429, 11),
(429, 14),
(430, 12),
(430, 15),
(430, 16),
(431, 4),
(432, 1),
(432, 15),
(432, 20),
(433, 4),
(434, 4),
(434, 10),
(434, 11),
(435, 19),
(436, 6),
(436, 7),
(437, 11),
(437, 37),
(438, 21),
(438, 22),
(439, 4),
(439, 11),
(440, 4),
(441, 4),
(441, 12),
(442, 15),
(442, 19),
(443, 4),
(443, 12),
(444, 15),
(444, 16),
(445, 19),
(446, 4),
(446, 5),
(447, 12),
(447, 15),
(447, 19),
(448, 11),
(448, 15),
(448, 16),
(449, 15),
(449, 19),
(449, 27),
(450, 15),
(450, 16),
(451, 1),
(451, 15),
(452, 12),
(452, 15),
(452, 19),
(453, 4),
(454, 4),
(454, 10),
(454, 11),
(455, 4),
(455, 8),
(455, 12),
(456, 15),
(456, 19),
(457, 3),
(457, 20),
(457, 24),
(458, 6),
(458, 7),
(458, 31),
(459, 4),
(459, 13),
(459, 14),
(460, 4),
(461, 36),
(462, 4),
(463, 22),
(463, 25),
(464, 4),
(464, 14),
(465, 15),
(465, 16),
(466, 15),
(466, 19),
(467, 4),
(468, 17),
(469, 4),
(469, 14),
(470, 22),
(470, 25),
(471, 9),
(471, 11),
(472, 11),
(472, 15),
(472, 16),
(473, 4),
(474, 19),
(474, 26),
(475, 11),
(475, 15),
(475, 16),
(476, 4),
(476, 13),
(477, 8),
(477, 15),
(477, 28),
(478, 8),
(478, 15),
(478, 28),
(479, 4),
(480, 7),
(480, 15),
(480, 28),
(481, 3),
(481, 6),
(481, 15),
(482, 15),
(482, 22),
(483, 4),
(483, 23),
(484, 4),
(485, 5),
(485, 8),
(485, 17),
(486, 3),
(486, 6),
(486, 15),
(487, 12),
(487, 15),
(487, 19),
(488, 4),
(489, 4),
(490, 4),
(490, 11),
(491, 4),
(491, 21),
(492, 4),
(493, 12),
(493, 15),
(493, 19),
(494, 4),
(494, 10),
(495, 4),
(495, 11),
(496, 15),
(496, 20),
(496, 22),
(497, 5),
(497, 15),
(497, 28),
(498, 9),
(498, 10),
(498, 11),
(499, 5),
(499, 15),
(499, 19),
(500, 4),
(501, 15),
(501, 16),
(502, 8),
(502, 17),
(502, 26),
(503, 11),
(503, 17),
(503, 26),
(504, 4),
(504, 5),
(504, 8),
(505, 6),
(505, 7),
(505, 11),
(506, 16),
(506, 25),
(507, 4),
(507, 21),
(508, 5),
(508, 8),
(508, 17),
(509, 13),
(509, 27),
(509, 38),
(510, 8),
(510, 15),
(510, 28),
(511, 4),
(511, 21),
(512, 13),
(512, 15),
(512, 19),
(513, 15),
(513, 22),
(514, 10),
(514, 11),
(514, 16),
(515, 12),
(515, 15),
(515, 19),
(516, 6),
(516, 7),
(516, 15),
(517, 4),
(517, 5),
(517, 27),
(518, 6),
(518, 7),
(518, 11),
(519, 6),
(519, 7),
(519, 11),
(520, 6),
(520, 7),
(520, 15),
(521, 4),
(521, 12),
(522, 15),
(522, 16),
(523, 15),
(523, 19),
(524, 11),
(524, 15),
(524, 16),
(525, 4),
(526, 4),
(526, 11),
(527, 11),
(527, 15),
(527, 22),
(528, 3),
(528, 6),
(528, 31),
(529, 4),
(529, 26),
(529, 27),
(530, 4),
(530, 10),
(530, 25),
(531, 4),
(532, 19),
(533, 15),
(533, 16),
(534, 4),
(534, 12),
(535, 4),
(535, 12),
(536, 4),
(536, 32),
(537, 12),
(537, 15),
(537, 19),
(538, 39),
(539, 7),
(539, 19),
(540, 11),
(540, 33),
(541, 6),
(541, 7),
(541, 15),
(542, 7),
(542, 15),
(542, 19),
(543, 4),
(543, 12),
(544, 4),
(544, 10),
(544, 21),
(545, 6),
(545, 7),
(545, 15),
(546, 15),
(546, 19),
(547, 7),
(547, 15),
(547, 28),
(548, 7),
(548, 15),
(548, 19),
(549, 9),
(549, 10),
(549, 11),
(550, 6),
(550, 7),
(550, 15),
(551, 7),
(551, 15),
(551, 28),
(552, 4),
(552, 10),
(552, 14),
(553, 12),
(553, 15),
(553, 19),
(554, 11),
(554, 15),
(554, 16),
(555, 19),
(555, 25),
(556, 9),
(557, 17),
(558, 15),
(558, 21),
(558, 28),
(559, 4),
(559, 12),
(560, 4),
(560, 13),
(561, 15),
(561, 16),
(561, 26),
(562, 24),
(562, 25),
(563, 15),
(563, 19),
(564, 6),
(564, 11),
(564, 15),
(565, 6),
(565, 7),
(565, 15),
(566, 15),
(566, 22),
(566, 31),
(567, 15),
(567, 16),
(568, 4),
(568, 10),
(568, 11),
(569, 15),
(569, 28),
(570, 4),
(570, 10),
(570, 11),
(571, 4),
(571, 12),
(572, 19),
(573, 9),
(574, 19),
(574, 21),
(575, 13),
(575, 15),
(575, 19),
(576, 4),
(576, 12),
(577, 5),
(577, 15),
(577, 22),
(578, 14),
(578, 19),
(578, 27),
(579, 4),
(580, 4),
(580, 8),
(580, 26),
(581, 13),
(581, 20),
(581, 22),
(582, 6),
(582, 7),
(582, 15),
(583, 7),
(583, 15),
(583, 28),
(584, 4),
(585, 4),
(585, 10),
(586, 12),
(586, 15),
(586, 16),
(587, 15),
(587, 19),
(587, 26),
(588, 4),
(589, 4),
(590, 4),
(590, 10),
(591, 4),
(591, 12),
(591, 13);

-- --------------------------------------------------------

--
-- Structure de la table `film_realisateurs`
--

CREATE TABLE `film_realisateurs` (
  `film_id` int(11) NOT NULL,
  `realisateur_id` int(11) NOT NULL
) ENGINE=InnoDB DEFAULT CHARSET=utf8mb4;

--
-- Déchargement des données de la table `film_realisateurs`
--

INSERT INTO `film_realisateurs` (`film_id`, `realisateur_id`) VALUES
(1, 1),
(2, 2),
(3, 3),
(4, 4),
(5, 5),
(6, 6),
(7, 7),
(8, 8),
(9, 9),
(10, 10),
(11, 11),
(12, 12),
(13, 13),
(14, 14),
(15, 15),
(16, 16),
(17, 17),
(17, 18),
(18, 19),
(19, 20),
(20, 22),
(21, 23),
(22, 24),
(23, 25),
(24, 26),
(25, 27),
(25, 28),
(25, 29),
(26, 30),
(27, 31),
(28, 32),
(28, 33),
(29, 34),
(29, 35),
(30, 36),
(31, 37),
(32, 38),
(32, 39),
(33, 40),
(34, 41),
(34, 42),
(35, 43),
(36, 44),
(37, 45),
(37, 46),
(37, 47),
(38, 48),
(39, 49),
(40, 50),
(41, 51),
(42, 52),
(42, 53),
(43, 54),
(44, 55),
(45, 56),
(46, 57),
(47, 58),
(48, 59),
(49, 60),
(50, 61),
(51, 62),
(52, 63),
(53, 64),
(54, 65),
(55, 66),
(56, 67),
(57, 68),
(57, 69),
(58, 70),
(59, 71),
(60, 72),
(61, 73),
(62, 74),
(63, 75),
(64, 76),
(65, 77),
(66, 78),
(67, 79),
(67, 80),
(68, 81),
(69, 82),
(70, 83),
(71, 84),
(72, 85),
(73, 86),
(74, 87),
(75, 88),
(76, 89),
(76, 90),
(77, 91),
(78, 92),
(79, 93),
(80, 94),
(81, 95),
(82, 97),
(83, 98),
(84, 99),
(85, 100),
(86, 101),
(87, 102),
(88, 103),
(88, 104),
(89, 105),
(90, 106),
(91, 107),
(92, 108),
(93, 109),
(94, 110),
(95, 111),
(96, 112),
(97, 113),
(98, 114),
(99, 115),
(100, 116),
(101, 117),
(102, 118),
(103, 119),
(104, 120),
(105, 121),
(106, 123),
(106, 124),
(106, 125),
(107, 126),
(108, 127),
(109, 128),
(110, 129),
(111, 130),
(111, 131),
(112, 132),
(113, 133),
(114, 134),
(115, 135),
(116, 136),
(117, 137),
(118, 138),
(119, 139),
(120, 140),
(121, 141),
(122, 142),
(122, 143),
(122, 144),
(123, 145),
(124, 146),
(125, 147),
(126, 148),
(126, 149),
(126, 150),
(127, 151),
(128, 152),
(129, 153),
(130, 154),
(130, 155),
(130, 156),
(131, 157),
(132, 158),
(133, 159),
(134, 160),
(135, 161),
(136, 162),
(136, 163),
(136, 164),
(137, 165),
(138, 166),
(139, 167),
(140, 168),
(141, 169),
(142, 170),
(143, 171),
(144, 172),
(145, 173),
(145, 174),
(145, 175),
(146, 176),
(147, 177),
(148, 178),
(149, 179),
(149, 180),
(149, 181),
(150, 182),
(151, 183),
(152, 184),
(153, 185),
(154, 186),
(155, 187),
(156, 188),
(156, 189),
(157, 192),
(158, 193),
(159, 194),
(160, 195),
(161, 196),
(162, 197),
(163, 198),
(164, 199),
(165, 200),
(166, 201),
(167, 202),
(168, 203),
(169, 204),
(170, 205),
(171, 206),
(171, 207),
(172, 208),
(173, 209),
(174, 210),
(175, 211),
(176, 212),
(177, 213),
(178, 214),
(179, 215),
(180, 216),
(180, 217),
(181, 218),
(182, 219),
(183, 220),
(184, 221),
(185, 222),
(185, 223),
(186, 224),
(187, 225),
(188, 226),
(189, 227),
(189, 228),
(190, 229),
(191, 230),
(192, 231),
(193, 232),
(194, 233),
(195, 234),
(196, 235),
(197, 236),
(198, 237),
(198, 238),
(199, 239),
(200, 240),
(201, 241),
(202, 242),
(203, 243),
(203, 244),
(204, 245),
(205, 246),
(206, 247),
(207, 248),
(208, 249),
(209, 250),
(210, 251),
(211, 252),
(212, 253),
(213, 254),
(214, 255),
(214, 256),
(215, 257),
(216, 258),
(217, 259),
(218, 260),
(219, 261),
(220, 262),
(221, 263),
(222, 264),
(223, 265),
(224, 266),
(225, 267),
(226, 268),
(227, 269),
(228, 270),
(229, 271),
(230, 272),
(231, 273),
(232, 274),
(233, 275),
(234, 276),
(235, 277),
(236, 278),
(237, 279),
(237, 280),
(238, 281),
(239, 282),
(240, 283),
(241, 284),
(242, 285),
(243, 286),
(244, 287),
(245, 288),
(246, 289),
(247, 290),
(248, 291),
(249, 292),
(250, 293),
(251, 294),
(252, 295),
(253, 296),
(254, 297),
(255, 298),
(256, 299),
(257, 300),
(258, 301),
(259, 302),
(260, 303),
(261, 304),
(262, 305),
(263, 306),
(264, 307),
(265, 309),
(266, 310),
(267, 311),
(268, 312),
(269, 313),
(270, 314),
(271, 315),
(272, 316),
(273, 317),
(274, 318),
(275, 319),
(276, 320),
(277, 321),
(278, 322),
(279, 323),
(280, 324),
(281, 325),
(282, 326),
(283, 327),
(284, 328),
(285, 329),
(286, 330),
(287, 331),
(288, 332),
(289, 334),
(290, 335),
(291, 336),
(292, 337),
(293, 338),
(294, 339),
(295, 340),
(296, 341),
(297, 342),
(298, 343),
(299, 344),
(300, 345),
(301, 346),
(302, 347),
(303, 348),
(304, 349),
(305, 350),
(306, 351),
(307, 352),
(308, 353),
(309, 354),
(310, 355),
(311, 356),
(312, 357),
(313, 358),
(314, 359),
(315, 360),
(316, 361),
(316, 362),
(317, 363),
(318, 364),
(319, 365),
(320, 366),
(321, 367),
(322, 368),
(323, 369),
(324, 370),
(325, 371),
(326, 372),
(327, 373),
(328, 374),
(329, 375),
(330, 376),
(331, 377),
(332, 378),
(333, 379),
(334, 380),
(335, 381),
(336, 382),
(337, 383),
(338, 384),
(339, 385),
(340, 386),
(341, 387),
(342, 388),
(343, 389),
(344, 390),
(345, 391),
(346, 392),
(346, 393),
(347, 394),
(348, 395),
(349, 396),
(350, 397),
(351, 398),
(352, 399),
(353, 400),
(354, 401),
(355, 402),
(356, 403),
(357, 404),
(358, 405),
(359, 406),
(360, 407),
(361, 408),
(361, 409),
(362, 410),
(363, 411),
(364, 412),
(365, 413),
(365, 414),
(366, 415),
(367, 416),
(368, 417),
(369, 418),
(370, 420),
(371, 421),
(372, 423),
(373, 424),
(374, 425),
(375, 426),
(376, 427),
(376, 428),
(376, 429),
(377, 430),
(378, 431),
(379, 432),
(380, 433),
(381, 434),
(382, 435),
(383, 436),
(383, 437),
(384, 438),
(385, 439),
(386, 440),
(387, 441),
(388, 442),
(389, 443),
(390, 444),
(391, 445),
(392, 446),
(393, 447),
(394, 448),
(395, 449),
(396, 450),
(397, 451),
(398, 452),
(399, 453),
(400, 454),
(401, 455),
(402, 456),
(403, 457),
(404, 458),
(405, 459),
(406, 460),
(407, 461),
(408, 462),
(409, 463),
(410, 464),
(411, 465),
(412, 466),
(413, 467),
(414, 468),
(415, 469),
(416, 470),
(416, 471),
(417, 472),
(418, 473),
(419, 474),
(420, 475),
(421, 476),
(422, 477),
(423, 478),
(424, 479),
(425, 480),
(426, 481),
(427, 482),
(428, 483),
(429, 484),
(430, 485),
(431, 486),
(432, 487),
(433, 488),
(434, 489),
(435, 490),
(436, 491),
(437, 492),
(438, 493),
(439, 494),
(440, 495),
(441, 496),
(442, 498),
(443, 499),
(444, 500),
(445, 501),
(446, 502),
(447, 503),
(448, 504),
(449, 505),
(450, 506),
(451, 507),
(452, 508),
(453, 509),
(454, 510),
(455, 511),
(456, 512),
(457, 513),
(458, 514),
(459, 515),
(459, 516),
(459, 517),
(460, 518),
(461, 519),
(462, 520),
(463, 521),
(464, 522),
(465, 523),
(466, 524),
(467, 525),
(468, 526),
(469, 527),
(470, 528),
(471, 529),
(472, 530),
(473, 531),
(474, 532),
(475, 533),
(476, 534),
(477, 535),
(478, 536),
(479, 537),
(480, 538),
(481, 539),
(482, 540),
(483, 541),
(484, 542),
(485, 543),
(486, 544),
(487, 545),
(488, 546),
(489, 547),
(490, 548),
(491, 549),
(492, 550),
(493, 551),
(494, 552),
(495, 553),
(496, 554),
(497, 555),
(498, 556),
(499, 557),
(500, 558),
(501, 559),
(501, 560),
(502, 561),
(503, 562),
(503, 563),
(503, 564),
(504, 565),
(505, 566),
(505, 567),
(506, 568),
(507, 569),
(508, 570),
(509, 571),
(510, 572),
(511, 573),
(512, 574),
(513, 575),
(514, 576),
(515, 577),
(516, 578),
(517, 579),
(518, 580),
(519, 581),
(520, 582),
(521, 583),
(522, 584),
(523, 585),
(524, 586),
(525, 587),
(526, 588),
(527, 589),
(528, 590),
(529, 591),
(530, 592),
(531, 593),
(532, 594),
(533, 595),
(534, 596),
(535, 597),
(536, 598),
(537, 599),
(538, 600),
(539, 601),
(540, 602),
(541, 603),
(542, 604),
(543, 605),
(544, 606),
(545, 607),
(546, 608),
(547, 609),
(548, 610),
(549, 611),
(550, 612),
(551, 613),
(552, 614),
(553, 615),
(554, 616),
(555, 617),
(556, 618),
(557, 619),
(557, 620),
(557, 621),
(558, 622),
(559, 623),
(560, 624),
(561, 625),
(562, 626),
(563, 627),
(564, 628),
(565, 629),
(566, 630),
(567, 631),
(568, 632),
(569, 633),
(570, 634),
(571, 635),
(572, 636),
(573, 637),
(574, 638),
(575, 639),
(576, 640),
(577, 641),
(578, 642),
(579, 643),
(580, 644),
(581, 645),
(581, 646),
(582, 647),
(583, 648),
(584, 649),
(585, 650),
(586, 651),
(587, 652),
(588, 653),
(589, 654),
(590, 655),
(591, 656);

-- --------------------------------------------------------

--
-- Structure de la table `genres`
--

CREATE TABLE `genres` (
  `genre_id` int(11) NOT NULL,
  `genre` varchar(255) DEFAULT NULL
) ENGINE=InnoDB DEFAULT CHARSET=utf8mb4;

--
-- Déchargement des données de la table `genres`
--

INSERT INTO `genres` (`genre_id`, `genre`) VALUES
(1, 'Short'),
(2, ' Action'),
(3, ' Adventure'),
(4, 'Drama'),
(5, ' War'),
(6, 'Action'),
(7, ' Crime'),
(8, ' History'),
(9, 'Horror'),
(10, ' Mystery'),
(11, ' Thriller'),
(12, ' Romance'),
(13, ' Fantasy'),
(14, ' Horror'),
(15, ' Drama'),
(16, 'Crime'),
(17, 'Documentary'),
(18, 'Fantasy'),
(19, 'Comedy'),
(20, ' Comedy'),
(21, ' Western'),
(22, 'Adventure'),
(23, ' Family'),
(24, 'Animation'),
(25, ' Sci-Fi'),
(26, ' Music'),
(27, ' Musical'),
(28, 'Biography'),
(29, ' Film-Noir'),
(30, ' Short'),
(31, ' Biography'),
(32, ' Sport'),
(33, 'Mystery'),
(34, 'Film-Noir'),
(35, 'Romance'),
(36, 'Western'),
(37, 'Sci-Fi'),
(38, 'Family'),
(39, 'Thriller');

-- --------------------------------------------------------

--
-- Structure de la table `realisateurs`
--

CREATE TABLE `realisateurs` (
  `realisateur_id` int(11) NOT NULL,
  `nom` varchar(255) DEFAULT NULL
) ENGINE=InnoDB DEFAULT CHARSET=utf8mb4;

--
-- Déchargement des données de la table `realisateurs`
--

INSERT INTO `realisateurs` (`realisateur_id`, `nom`) VALUES
(1, 'Georges Méliès'),
(2, 'Edwin S. Porter'),
(3, 'D.W. Griffith'),
(4, 'Louis Feuillade'),
(5, 'D.W. Griffith'),
(6, 'Robert Wiene'),
(7, 'D.W. Griffith'),
(8, 'Oscar Micheaux'),
(9, 'D.W. Griffith'),
(10, 'Victor Sjöström'),
(11, 'Germaine Dulac'),
(12, 'Fritz Lang'),
(13, 'Robert J. Flaherty'),
(14, 'F.W. Murnau'),
(15, 'Benjamin Christensen'),
(16, 'Erich von Stroheim'),
(17, 'John G. Blystone'),
(18, ' Buster Keaton'),
(19, 'Abel Gance'),
(20, 'F.W. Murnau'),
(21, 'Sergei Eisenstein'),
(22, 'Buster Keaton'),
(23, 'Herbert G. Ponting'),
(24, 'Erich von Stroheim'),
(25, 'Raoul Walsh'),
(26, 'Clarence Brown'),
(27, 'Rupert Julian'),
(28, ' Lon Chaney'),
(29, ' Ernst Laemmle'),
(30, 'Sergei Eisenstein'),
(31, 'Charles Chaplin'),
(32, 'King Vidor'),
(33, ' George W. Hill'),
(34, 'Lotte Reiniger'),
(35, ' Carl Koch'),
(36, 'Fritz Lang'),
(37, 'F.W. Murnau'),
(38, 'Clyde Bruckman'),
(39, ' Buster Keaton'),
(40, 'Tod Browning'),
(41, 'Grigoriy Aleksandrov'),
(42, ' Sergei Eisenstein'),
(43, 'Alan Crosland'),
(44, 'Abel Gance'),
(45, 'Ted Wilde'),
(46, ' Harold Lloyd'),
(47, ' Lewis Milestone'),
(48, 'King Vidor'),
(49, 'Josef von Sternberg'),
(50, 'Carl Theodor Dreyer'),
(51, 'Luis Buñuel'),
(52, 'Charles Reisner'),
(53, ' Buster Keaton'),
(54, 'Vsevolod Pudovkin'),
(55, 'Franz Osten'),
(56, 'Dziga Vertov'),
(57, 'Georg Wilhelm Pabst'),
(58, 'Alfred Hitchcock'),
(59, 'Mervyn LeRoy'),
(60, 'Josef von Sternberg'),
(61, 'Lewis Milestone'),
(62, 'Luis Buñuel'),
(63, 'Aleksandr Dovzhenko'),
(64, 'René Clair'),
(65, 'Mario Peixoto'),
(66, 'F.W. Murnau'),
(67, 'Charles Chaplin'),
(68, 'Tod Browning'),
(69, ' Karl Freund'),
(70, 'James Whale'),
(71, 'William A. Wellman'),
(72, 'Fritz Lang'),
(73, 'Carl Theodor Dreyer'),
(74, 'Mervyn LeRoy'),
(75, 'Jean Renoir'),
(76, 'Rouben Mamoulian'),
(77, 'Josef von Sternberg'),
(78, 'Ernst Lubitsch'),
(79, 'Howard Hawks'),
(80, ' Richard Rosson'),
(81, 'Tod Browning'),
(82, 'Lloyd Bacon'),
(83, 'Lloyd Bacon'),
(84, 'Frank Capra'),
(85, 'Lowell Sherman'),
(86, 'Leo McCarey'),
(87, 'Jean Vigo'),
(88, 'Mervyn LeRoy'),
(89, 'Merian C. Cooper'),
(90, ' Ernest B. Schoedsack'),
(91, 'Luis Buñuel'),
(92, 'William A. Seiter'),
(93, 'Rouben Mamoulian'),
(94, 'Leni Riefenstahl'),
(95, 'Norman Z. McLeod'),
(96, 'Yonggang Wu'),
(97, 'Frank Capra'),
(98, 'Jean Vigo'),
(99, 'Edgar G. Ulmer'),
(100, 'W.S. Van Dyke'),
(101, 'Frank Lloyd'),
(102, 'Alfred Hitchcock'),
(103, 'Sam Wood'),
(104, ' Edmund Goulding'),
(105, 'James Whale'),
(106, 'Michael Curtiz'),
(107, 'Mark Sandrich'),
(108, 'Henry Hathaway'),
(109, 'Charles Chaplin'),
(110, 'George Stevens'),
(111, 'Frank Capra'),
(112, 'Gregory La Cava'),
(113, 'Sacha Guitry'),
(114, 'George Cukor'),
(115, 'William Cameron Menzies'),
(116, 'William Wyler'),
(117, 'Jean Renoir'),
(118, 'Julien Duvivier'),
(119, 'Leo McCarey'),
(120, 'Jean Renoir'),
(121, 'King Vidor'),
(122, 'Weibang Ma-Xu'),
(123, 'William Cottrell'),
(124, ' David Hand'),
(125, ' Wilfred Jackson'),
(126, 'Victor Fleming'),
(127, 'Leo McCarey'),
(128, 'William Dieterle'),
(129, 'William Wyler'),
(130, 'Michael Curtiz'),
(131, ' William Keighley'),
(132, 'Michael Curtiz'),
(133, 'Marcel Pagnol'),
(134, 'Howard Hawks'),
(135, 'Leni Riefenstahl'),
(136, 'Alfred Hitchcock'),
(137, 'William Wyler'),
(138, 'Frank Capra'),
(139, 'John Ford'),
(140, 'Howard Hawks'),
(141, 'George Marshall'),
(142, 'Victor Fleming'),
(143, ' George Cukor'),
(144, ' Sam Wood'),
(145, 'Marcel Carné'),
(146, 'George Stevens'),
(147, 'Ernst Lubitsch'),
(148, 'Victor Fleming'),
(149, ' George Cukor'),
(150, ' Mervyn LeRoy'),
(151, 'Jean Renoir'),
(152, 'Kenji Mizoguchi'),
(153, 'Howard Hawks'),
(154, 'James Algar'),
(155, ' Samuel Armstrong'),
(156, ' Ford Beebe Jr.'),
(157, 'Alfred Hitchcock'),
(158, 'George Cukor'),
(159, 'John Ford'),
(160, 'Frank Borzage'),
(161, 'Edward F. Cline'),
(162, 'Norman Ferguson'),
(163, ' T. Hee'),
(164, ' Wilfred Jackson'),
(165, 'Orson Welles'),
(166, 'Howard Hawks'),
(167, 'Preston Sturges'),
(168, 'George Waggner'),
(169, 'Raoul Walsh'),
(170, 'John Ford'),
(171, 'Preston Sturges'),
(172, 'John Huston'),
(173, 'Samuel Armstrong'),
(174, ' Norman Ferguson'),
(175, ' Wilfred Jackson'),
(176, 'Preston Sturges'),
(177, 'Irving Rapper'),
(178, 'Ernst Lubitsch'),
(179, 'Orson Welles'),
(180, ' Fred Fleck'),
(181, ' Robert Wise'),
(182, 'Michael Curtiz'),
(183, 'William Wyler'),
(184, 'Michael Curtiz'),
(185, 'Jacques Tourneur'),
(186, 'Humphrey Jennings'),
(187, 'William A. Wellman'),
(188, 'Michael Powell'),
(189, ' Emeric Pressburger'),
(190, 'Maya Deren'),
(191, ' Alexander Hammid'),
(192, 'Mark Robson'),
(193, 'Leslie Arliss'),
(194, 'Alfred Hitchcock'),
(195, 'Luchino Visconti'),
(196, 'Otto Preminger'),
(197, 'Vincente Minnelli'),
(198, 'Howard Hawks'),
(199, 'George Cukor'),
(200, 'Laurence Olivier'),
(201, 'Billy Wilder'),
(202, 'Edward Dmytryk'),
(203, 'Sergei Eisenstein'),
(204, 'Michael Curtiz'),
(205, 'Edgar G. Ulmer'),
(206, 'Michael Powell'),
(207, ' Emeric Pressburger'),
(208, 'Billy Wilder'),
(209, 'Marcel Carné'),
(210, 'John Huston'),
(211, 'David Lean'),
(212, 'Roberto Rossellini'),
(213, 'William Wyler'),
(214, 'Roberto Rossellini'),
(215, 'Tay Garnett'),
(216, 'Jean Cocteau'),
(217, ' René Clément'),
(218, 'Robert Siodmak'),
(219, 'Frank Capra'),
(220, 'Howard Hawks'),
(221, 'Charles Vidor'),
(222, 'Michael Powell'),
(223, ' Emeric Pressburger'),
(224, 'David Lean'),
(225, 'John Ford'),
(226, 'Alfred Hitchcock'),
(227, 'Michael Powell'),
(228, ' Emeric Pressburger'),
(229, 'Jacques Tourneur'),
(230, 'Charles Chaplin'),
(231, 'Carol Reed'),
(232, 'Vittorio De Sica'),
(233, 'Max Ophüls'),
(234, 'Fritz Lang'),
(235, 'Abraham Polonsky'),
(236, 'Mu Fei'),
(237, 'Howard Hawks'),
(238, ' Arthur Rosson'),
(239, 'Norman Z. McLeod'),
(240, 'Anatole Litvak'),
(241, 'Orson Welles'),
(242, 'Alfred Hitchcock'),
(243, 'Michael Powell'),
(244, ' Emeric Pressburger'),
(245, 'John Huston'),
(246, 'Robert J. Flaherty'),
(247, 'Joseph H. Lewis'),
(248, 'Max Ophüls'),
(249, 'Raoul Walsh'),
(250, 'George Cukor'),
(251, 'William Wyler'),
(252, 'Carol Reed'),
(253, 'Robert Hamer'),
(254, 'Alexander Mackendrick'),
(255, 'Stanley Donen'),
(256, ' Gene Kelly'),
(257, 'Jean Cocteau'),
(258, 'John Huston'),
(259, 'Akira Kurosawa'),
(260, 'Joseph L. Mankiewicz'),
(261, 'Anthony Mann'),
(262, 'John Ford'),
(263, 'Billy Wilder'),
(264, 'Luis Buñuel'),
(265, 'Nicholas Ray'),
(266, 'Billy Wilder'),
(267, 'Alfred Hitchcock'),
(268, 'Elia Kazan'),
(269, 'Vincente Minnelli'),
(270, 'Albert Lewin'),
(271, 'John Huston'),
(272, 'George Stevens'),
(273, 'Charles Crichton'),
(274, 'Robert Bresson'),
(275, 'Robert Wise'),
(276, 'John Ford'),
(277, 'René Clément'),
(278, 'Roberto Rossellini'),
(279, 'Stanley Donen'),
(280, ' Gene Kelly'),
(281, 'Vincente Minnelli'),
(282, 'Akira Kurosawa'),
(283, 'Vittorio De Sica'),
(284, 'Fred Zinnemann'),
(285, 'Jean Renoir'),
(286, 'Ingmar Bergman'),
(287, 'Samuel Fuller'),
(288, 'Vincente Minnelli'),
(289, 'Jacques Tati'),
(290, 'Max Ophüls'),
(291, 'Henri-Georges Clouzot'),
(292, 'Ida Lupino'),
(293, 'Anthony Mann'),
(294, 'Yasujirô Ozu'),
(295, 'Fred Zinnemann'),
(296, 'Kenji Mizoguchi'),
(297, 'Roberto Rossellini'),
(298, 'George Stevens'),
(299, 'Howard Hawks'),
(300, 'William Wyler'),
(301, 'Fritz Lang'),
(302, 'Elia Kazan'),
(303, 'Federico Fellini'),
(304, 'Henri-Georges Clouzot'),
(305, 'George Cukor'),
(306, 'Alfred Hitchcock'),
(307, 'Luchino Visconti'),
(308, 'Kenji Mizoguchi'),
(309, 'Allan Dwan'),
(310, 'Joseph L. Mankiewicz'),
(311, 'Akira Kurosawa'),
(312, 'Otto Preminger'),
(313, 'Nicholas Ray'),
(314, 'Herbert J. Biberman'),
(315, 'Max Ophüls'),
(316, 'Satyajit Ray'),
(317, 'Carl Theodor Dreyer'),
(318, 'Delbert Mann'),
(319, 'Frank Tashlin'),
(320, 'Nicholas Ray'),
(321, 'Jean Rouch'),
(322, 'Thorold Dickinson'),
(323, 'John Sturges'),
(324, 'Alain Resnais'),
(325, 'Phil Karlson'),
(326, 'Otto Preminger'),
(327, 'Robert Aldrich'),
(328, 'Joseph L. Mankiewicz'),
(329, 'Charles Laughton'),
(330, 'Alexander Mackendrick'),
(331, 'Fred Zinnemann'),
(332, 'Ingmar Bergman'),
(333, 'Jean-Pierre Melville'),
(334, 'Douglas Sirk'),
(335, 'Cecil B. DeMille'),
(336, 'John Ford'),
(337, 'Kon Ichikawa'),
(338, 'Fred M. Wilcox'),
(339, 'Douglas Sirk'),
(340, 'Robert Bresson'),
(341, 'Nicholas Ray'),
(342, 'Don Siegel'),
(343, 'George Stevens'),
(344, 'Alfred Hitchcock'),
(345, 'Charles Walters'),
(346, 'Akira Kurosawa'),
(347, 'Stanley Kubrick'),
(348, 'Leo McCarey'),
(349, 'Ingmar Bergman'),
(350, 'Sidney Lumet'),
(351, 'Ingmar Bergman'),
(352, 'Jack Arnold'),
(353, 'John Sturges'),
(354, 'Federico Fellini'),
(355, 'Mikhail Kalatozov'),
(356, 'Satyajit Ray'),
(357, 'David Lean'),
(358, 'Alexander Mackendrick'),
(359, 'Mehboob Khan'),
(360, 'Orson Welles'),
(361, 'Vincente Minnelli'),
(362, ' Charles Walters'),
(363, 'Stanley Kramer'),
(364, 'Anthony Mann'),
(365, 'Alfred Hitchcock'),
(366, 'Andrzej Wajda'),
(367, 'Youssef Chahine'),
(368, 'Satyajit Ray'),
(369, 'Jacques Tati'),
(370, 'Vincente Minnelli'),
(371, 'Terence Fisher'),
(372, 'Billy Wilder'),
(373, 'Alfred Hitchcock'),
(374, 'François Truffaut'),
(375, 'Robert Bresson'),
(376, 'Alain Resnais'),
(377, 'Budd Boetticher'),
(378, 'Marcel Camus'),
(379, 'William Wyler'),
(380, 'Otto Preminger'),
(381, 'John Cassavetes'),
(382, 'Satyajit Ray'),
(383, 'Howard Hawks'),
(384, 'Yasujirô Ozu'),
(385, 'Georges Franju'),
(386, 'Karel Reisz'),
(387, 'Federico Fellini'),
(388, 'Jacques Becker'),
(389, 'Luchino Visconti'),
(390, 'Michelangelo Antonioni'),
(391, 'Jean-Luc Godard'),
(392, 'Stanley Kubrick'),
(393, ' Anthony Mann'),
(394, 'Billy Wilder'),
(395, 'Kim Ki-young'),
(396, 'Ritwik Ghatak'),
(397, 'Alfred Hitchcock'),
(398, 'François Truffaut'),
(399, 'Michael Powell'),
(400, 'Mario Bava'),
(401, 'Elia Kazan'),
(402, 'Luis Buñuel'),
(403, 'Chris Marker'),
(404, 'Blake Edwards'),
(405, 'Jacques Demy'),
(406, 'Kent Mackenzie'),
(407, 'Michelangelo Antonioni'),
(408, 'Jerome Robbins'),
(409, ' Robert Wise'),
(410, 'Robert Rossen'),
(411, 'Jerry Lewis'),
(412, 'Ingmar Bergman'),
(413, 'Edgar Morin'),
(414, ' Jean Rouch'),
(415, 'Alain Resnais'),
(416, 'Agnès Varda'),
(417, 'Stan Brakhage'),
(418, 'Jean-Luc Godard'),
(419, 'Yasujirô Ozu'),
(420, 'Stanley Kubrick'),
(421, 'John Ford'),
(422, 'Harry Smith'),
(423, 'David Lean'),
(424, 'Robert Mulligan'),
(425, 'Anselmo Duarte'),
(426, 'Michelangelo Antonioni'),
(427, 'Paolo Cavara'),
(428, ' Gualtiero Jacopetti'),
(429, ' Franco Prosperi'),
(430, 'Luis Buñuel'),
(431, 'François Truffaut'),
(432, 'John Frankenheimer'),
(433, 'Robert Aldrich'),
(434, 'Federico Fellini'),
(435, 'Alfred Hitchcock'),
(436, 'Andrzej Munk'),
(437, ' Witold Lesiewicz'),
(438, 'Joseph Losey'),
(439, 'Jack Smith'),
(440, 'Forugh Farrokhzad'),
(441, 'Martin Ritt'),
(442, 'Luchino Visconti'),
(443, 'Nelson Pereira dos Santos'),
(444, 'Samuel Fuller'),
(445, 'Jean-Luc Godard'),
(446, 'Ken Jacobs'),
(447, 'Shirley Clarke'),
(448, 'Jerry Lewis'),
(449, 'John Sturges'),
(450, 'Jean-Daniel Pollet'),
(451, 'Kon Ichikawa'),
(452, 'Robert Wise'),
(453, 'Guy Hamilton'),
(454, 'George Cukor'),
(455, 'Michelangelo Antonioni'),
(456, 'Hiroshi Teshigahara'),
(457, 'Sergei Parajanov'),
(458, 'Kenneth Anger'),
(459, 'Alfred Hitchcock'),
(460, 'Roger Corman'),
(461, 'Bernardo Bertolucci'),
(462, 'Stanley Kubrick'),
(463, 'Glauber Rocha'),
(464, 'Richard Lester'),
(465, 'Jacques Demy'),
(466, 'Carl Theodor Dreyer'),
(467, 'Robert Stevenson'),
(468, 'Kaneto Shindô'),
(469, 'Pier Paolo Pasolini'),
(470, 'Ján Kadár'),
(471, ' Elmar Klos'),
(472, 'David Lean'),
(473, 'Peter Watkins'),
(474, 'Kon Ichikawa'),
(475, 'Federico Fellini'),
(476, 'Gillo Pontecorvo'),
(477, 'Robert Wise'),
(478, 'André Delvaux'),
(479, 'Jean-Luc Godard'),
(480, 'Orson Welles'),
(481, 'Russ Meyer'),
(482, 'Andy Warhol'),
(483, 'Wojciech Has'),
(484, 'Roman Polanski'),
(485, 'Jean-Luc Godard'),
(486, 'Ritwik Ghatak'),
(487, 'George Kuchar'),
(488, 'Mike Nichols'),
(489, 'Michelangelo Antonioni'),
(490, 'Vera Chytilová'),
(491, 'King Hu'),
(492, 'John Frankenheimer'),
(493, 'Sergio Leone'),
(494, 'Ingmar Bergman'),
(495, 'Robert Bresson'),
(496, 'Jean-Luc Godard'),
(497, 'Bruce Conner'),
(498, 'Jean-Luc Godard'),
(499, 'Luis Buñuel'),
(500, 'Stuart Rosenberg'),
(501, 'Jacques Tati'),
(502, 'Miklós Jancsó'),
(503, 'Mike Nichols'),
(504, 'John Boorman'),
(505, 'Jacques Demy'),
(506, 'Jean-Pierre Melville'),
(507, 'Michael Snow'),
(508, 'Jirí Menzel'),
(509, 'Glauber Rocha'),
(510, 'Norman Jewison'),
(511, 'Frantisek Vlácil'),
(512, 'Milos Forman'),
(513, 'Wolfgang Reitherman'),
(514, 'Arthur Penn'),
(515, 'Konstantin Ershov'),
(516, ' Georgiy Kropachyov'),
(517, ' Aleksandr Ptushko'),
(518, 'Dariush Mehrjui'),
(519, 'Sergio Leone'),
(520, 'John Cassavetes'),
(521, 'Franklin J. Schaffner'),
(522, 'Roman Polanski'),
(523, 'Lindsay Anderson'),
(524, 'Jim McBride'),
(525, 'Tomás Gutiérrez Alea'),
(526, 'Frederick Wiseman'),
(527, 'Ingmar Bergman'),
(528, 'Stanley Kubrick'),
(529, 'George A. Romero'),
(530, 'Peter Bogdanovich'),
(531, 'Ingmar Bergman'),
(532, 'Mel Brooks'),
(533, 'Costa-Gavras'),
(534, 'Federico Fellini'),
(535, 'Andrei Tarkovsky'),
(536, 'Sergei Parajanov'),
(537, 'John Schlesinger'),
(538, 'George Roy Hill'),
(539, 'King Hu'),
(540, 'Dennis Hopper'),
(541, 'Ken Loach'),
(542, 'Humberto Solás'),
(543, 'Emile de Antonio'),
(544, 'Sam Peckinpah'),
(545, 'Éric Rohmer'),
(546, 'Luis Buñuel'),
(547, 'Bernardo Bertolucci'),
(548, 'Claude Chabrol'),
(549, 'Alejandro Jodorowsky'),
(550, 'Bob Rafelson'),
(551, 'Jerzy Skolimowski'),
(552, 'Bernardo Bertolucci'),
(553, 'Karel Kachyna'),
(554, 'Arthur Penn'),
(555, 'Franklin J. Schaffner'),
(556, 'Dario Argento'),
(557, 'Robert Altman'),
(558, 'Michelangelo Antonioni'),
(559, 'Donald Cammell'),
(560, ' Nicolas Roeg'),
(561, 'Michael Wadleigh'),
(562, 'Albert Maysles'),
(563, ' David Maysles'),
(564, ' Charlotte Zwerin'),
(565, 'Vittorio De Sica'),
(566, 'Don Siegel'),
(567, ' Clint Eastwood'),
(568, 'Stanley Kubrick'),
(569, 'Robert Altman'),
(570, 'Marcel Ophüls'),
(571, 'Mel Stuart'),
(572, 'Ken Russell'),
(573, 'Peter Fonda'),
(574, 'Dusan Makavejev'),
(575, 'Nicolas Roeg'),
(576, 'Alan J. Pakula'),
(577, 'Hal Ashby'),
(578, 'William Friedkin'),
(579, 'Miklós Jancsó'),
(580, 'Mike Hodges'),
(581, 'Gordon Parks'),
(582, 'Melvin Van Peebles'),
(583, 'Peter Bogdanovich'),
(584, 'Barbara Loden'),
(585, 'Louis Malle'),
(586, 'Sam Peckinpah'),
(587, 'Monte Hellman'),
(588, 'Ted Kotcheff'),
(589, 'John Boorman'),
(590, 'Werner Herzog'),
(591, 'Bob Fosse'),
(592, 'Andrei Tarkovsky'),
(593, 'Ingmar Bergman'),
(594, 'Luis Buñuel'),
(595, 'Francis Ford Coppola'),
(596, 'Bernardo Bertolucci'),
(597, 'Rainer Werner Fassbinder'),
(598, 'John Huston'),
(599, 'Elaine May'),
(600, 'Alfred Hitchcock'),
(601, 'John Waters'),
(602, 'Joseph L. Mankiewicz'),
(603, 'Gordon Parks Jr.'),
(604, 'George Roy Hill'),
(605, 'Jean Eustache'),
(606, 'Clint Eastwood'),
(607, 'Terrence Malick'),
(608, 'George Lucas'),
(609, 'Franklin J. Schaffner'),
(610, 'Robert Altman'),
(611, 'Robin Hardy'),
(612, 'Robert Clouse'),
(613, 'Sidney Lumet'),
(614, 'Nicolas Roeg'),
(615, 'François Truffaut'),
(616, 'Martin Scorsese'),
(617, 'Woody Allen'),
(618, 'William Friedkin'),
(619, 'Orson Welles'),
(620, ' Gary Graver'),
(621, ' Oja Kodar'),
(622, 'Sam Peckinpah'),
(623, 'Paul Verhoeven'),
(624, 'Víctor Erice'),
(625, 'Perry Henzell'),
(626, 'René Laloux'),
(627, 'Federico Fellini'),
(628, 'John Guillermin'),
(629, 'Sam Peckinpah'),
(630, 'Akira Kurosawa'),
(631, 'Francis Ford Coppola'),
(632, 'Francis Ford Coppola'),
(633, 'Andrei Tarkovsky'),
(634, 'Roman Polanski'),
(635, 'John Cassavetes'),
(636, 'Mel Brooks'),
(637, 'Tobe Hooper'),
(638, 'Mel Brooks'),
(639, 'Jacques Rivette'),
(640, 'Rainer Werner Fassbinder'),
(641, 'Stanley Kubrick'),
(642, 'Jim Sharman'),
(643, 'Chantal Akerman'),
(644, 'Theodoros Angelopoulos'),
(645, 'Terry Gilliam'),
(646, ' Terry Jones'),
(647, 'Yash Chopra'),
(648, 'Sidney Lumet'),
(649, 'Milos Forman'),
(650, 'Lino Brocka'),
(651, 'Rainer Werner Fassbinder'),
(652, 'Robert Altman'),
(653, 'Pier Paolo Pasolini'),
(654, 'Carlos Saura'),
(655, 'Peter Weir'),
(656, 'Marguerite Duras');

--
-- Index pour les tables déchargées
--

--
-- Index pour la table `acteurs`
--
ALTER TABLE `acteurs`
  ADD PRIMARY KEY (`cast_actor_id`);

--
-- Index pour la table `films`
--
ALTER TABLE `films`
  ADD PRIMARY KEY (`film_id`);

--
-- Index pour la table `film_acteurs`
--
ALTER TABLE `film_acteurs`
  ADD PRIMARY KEY (`film_id`,`cast_actor_id`),
  ADD KEY `fk_film_acteurs_film_id` (`film_id`),
  ADD KEY `fk_film_acteurs_cast_actor_id` (`cast_actor_id`);

--
-- Index pour la table `film_genres`
--
ALTER TABLE `film_genres`
  ADD PRIMARY KEY (`film_id`,`genre_id`),
  ADD KEY `fk_film_genres_film_id` (`film_id`),
  ADD KEY `fk_film_genres_genre_id` (`genre_id`);

--
-- Index pour la table `film_realisateurs`
--
ALTER TABLE `film_realisateurs`
  ADD PRIMARY KEY (`film_id`,`realisateur_id`),
  ADD KEY `fk_film_realisateurs_film_id` (`film_id`),
  ADD KEY `fk_film_realisateurs_realisateur_id` (`realisateur_id`);

--
-- Index pour la table `genres`
--
ALTER TABLE `genres`
  ADD PRIMARY KEY (`genre_id`);

--
-- Index pour la table `realisateurs`
--
ALTER TABLE `realisateurs`
  ADD PRIMARY KEY (`realisateur_id`);

--
-- AUTO_INCREMENT pour les tables déchargées
--

--
-- AUTO_INCREMENT pour la table `acteurs`
--
ALTER TABLE `acteurs`
  MODIFY `cast_actor_id` int(11) NOT NULL AUTO_INCREMENT, AUTO_INCREMENT=1783;

--
-- AUTO_INCREMENT pour la table `films`
--
ALTER TABLE `films`
  MODIFY `film_id` int(11) NOT NULL AUTO_INCREMENT, AUTO_INCREMENT=592;

--
-- AUTO_INCREMENT pour la table `genres`
--
ALTER TABLE `genres`
  MODIFY `genre_id` int(11) NOT NULL AUTO_INCREMENT, AUTO_INCREMENT=40;

--
-- AUTO_INCREMENT pour la table `realisateurs`
--
ALTER TABLE `realisateurs`
  MODIFY `realisateur_id` int(11) NOT NULL AUTO_INCREMENT, AUTO_INCREMENT=657;

--
-- Contraintes pour les tables déchargées
--

--
-- Contraintes pour la table `film_acteurs`
--
ALTER TABLE `film_acteurs`
  ADD CONSTRAINT `fk_film_acteurs_cast_actor_id` FOREIGN KEY (`cast_actor_id`) REFERENCES `acteurs` (`cast_actor_id`),
  ADD CONSTRAINT `fk_film_acteurs_film_id` FOREIGN KEY (`film_id`) REFERENCES `films` (`film_id`) ON DELETE CASCADE;

--
-- Contraintes pour la table `film_genres`
--
ALTER TABLE `film_genres`
  ADD CONSTRAINT `fk_film_genres_film_id` FOREIGN KEY (`film_id`) REFERENCES `films` (`film_id`) ON DELETE CASCADE,
  ADD CONSTRAINT `fk_film_genres_genre_id` FOREIGN KEY (`genre_id`) REFERENCES `genres` (`genre_id`) ON DELETE CASCADE;

--
-- Contraintes pour la table `film_realisateurs`
--
ALTER TABLE `film_realisateurs`
  ADD CONSTRAINT `fk_film_realisateurs_film_id` FOREIGN KEY (`film_id`) REFERENCES `films` (`film_id`) ON DELETE CASCADE,
  ADD CONSTRAINT `fk_film_realisateurs_realisateur_id` FOREIGN KEY (`realisateur_id`) REFERENCES `realisateurs` (`realisateur_id`) ON DELETE CASCADE;
COMMIT;

/*!40101 SET CHARACTER_SET_CLIENT=@OLD_CHARACTER_SET_CLIENT */;
/*!40101 SET CHARACTER_SET_RESULTS=@OLD_CHARACTER_SET_RESULTS */;
/*!40101 SET COLLATION_CONNECTION=@OLD_COLLATION_CONNECTION */;
